absolute_orientation[0],absolute_orientation[1],absolute_orientation[2],angular_velocity[0],angular_velocity[1],angular_velocity[2],linear_acceleration[0],linear_acceleration[1],linear_acceleration[2],acceleration_magnitude,angular_velocity_magnitude,pitch,roll,jerk[0],jerk[1],jerk[2],jerk_magnitude,fall
7.94,-6.94,101.31,-0.25,0.5,0.13,0.0,0.02,-0.43,0.4304648650006176,0.5739337940912698,0.0464781313510029,-3.141592653589793,6.0,-4.0,-1.0000000000000009,7.280109889280518,0
7.94,-6.94,101.44,-0.25,-0.25,-0.06,-0.02,0.1,-0.35,0.3645545226711636,0.3586084215408221,0.2778693925957223,3.0845118711835284,-1.0,4.0,4.000000000000001,5.7445626465380295,0
7.94,-6.94,101.56,-0.19,-0.88,-0.19,-0.03,0.03,-0.27,0.2733130073743289,0.9201086892318756,0.1099858737860146,3.0309354324158977,-0.4999999999999999,-3.5000000000000004,3.999999999999998,5.338539126015654,0
7.87,-6.94,99.37,-2.37,-7.12,-1.87,-0.16,0.32,-0.81,0.8854942122905153,7.733576145613361,0.3697476146595621,2.946572386184872,-6.5,14.500000000000002,-27.0,31.32890039564108,0
7.62,-6.94,99.44,-0.94,-5.0,-0.69,0.25,0.45,-0.27,0.5812916651733449,5.134169845262231,0.8853523151954567,-2.394637080213533,20.5,6.5,27.0,34.51811118818641,0
7.31,-7.0,99.37,0.62,-6.19,-0.44,0.19,0.0,-0.93,0.9492101980067428,6.236513449035448,0.0,-2.94006488585446,-3.0,-22.5,-33.0,40.05308976845607,0
6.94,-7.0,99.37,-0.88,-5.75,-0.81,-0.03,0.18,-0.68,0.7040596565632774,5.8730741524349925,0.2585304885471702,3.097503596191721,-11.0,9.0,12.5,18.9274932307477,0
6.69,-7.06,99.5,-1.25,-4.87,-1.44,0.05,0.18,-0.48,0.5150728103870365,5.230009560220708,0.3570002072179032,-3.0378003131327502,4.0,0.0,10.000000000000004,10.770329614269013,0
6.5,-7.06,99.5,0.13,-3.19,-0.62,0.15,0.05,-0.01,0.1584297951775486,3.252291499850528,0.3210859546531008,-1.6373644905707203,4.999999999999999,-6.5,23.5,24.88975692930728,0
6.31,-7.06,99.5,-0.44,-4.62,-0.25,0.21,0.09,-0.23,0.3241913015489465,4.647633806572975,0.2813094489525484,-2.401617769613922,3.0,2.0,-11.0,11.575836902790224,0
6.06,-7.0,99.56,0.06,-7.0,-1.12,-0.09,0.1,-0.2,0.241039415863879,7.0892876934146205,0.4277998200383959,2.7187387274568526,-15.0,0.5000000000000004,1.5,15.083103128998356,0
5.75,-7.0,99.56,0.06,-7.06,-1.37,-0.15,-0.26,0.34,0.4535416188179427,7.19194688523212,-0.6104863434911955,0.4154920959408906,-3.0,-18.0,27.0,32.58834147360065,0
5.37,-7.0,99.5,-0.88,-6.75,-1.06,-0.17,0.17,-0.09,0.2567099530598687,6.8891581488597,0.7237856038146512,2.0576955586061656,-1.0000000000000009,21.500000000000004,-21.500000000000004,30.42203149035252,0
5.06,-7.0,99.5,-0.88,-6.62,-1.37,0.04,0.0,0.24,0.2433105012119288,6.817308853205934,0.0,-0.1651486774146268,10.5,-8.5,16.499999999999996,21.32486811213612,0
359.81,-7.06,99.25,0.13,-9.69,-1.0,-0.58,-0.08,0.78,0.9752948272189288,9.742330316715812,-0.0821187416596645,0.6393859056861728,-31.0,-4.0,27.0,41.30375285612676,0
359.37,-7.0,99.19,-0.75,-7.62,-2.06,-0.21,0.28,-0.5,0.6103277807866851,7.92909200350204,0.4766102930395418,2.743964662067664,18.5,18.0,-64.0,69.00905737655022,0
359.12,-7.0,99.19,-1.5,-6.06,-1.5,0.36,0.32,-0.04,0.4833218389437828,6.420560723176753,0.7235970870313544,-1.6814535479687922,28.5,1.999999999999999,23.0,36.677649870186606,0
358.81,-7.0,99.19,0.06,-6.69,-0.94,-0.04,0.04,-0.55,0.5529014378711634,6.7559825340212365,0.0724088821112712,3.0689931998592987,-20.0,-14.000000000000002,-25.5,35.302266216207705,0
358.5,-7.0,99.19,-0.5,-6.56,-0.75,0.3,-0.29,0.05,0.4202380277890138,6.621638769972279,-0.7616066270275647,-1.40564764938027,16.999999999999996,-16.499999999999996,30.000000000000004,38.2262998470948,0
358.12,-7.0,99.19,-0.81,-6.75,-1.06,-0.06,0.24,0.1,0.2668332812825266,6.880566837114513,1.118481971122879,0.5404195002705842,-18.0,26.5,2.5,32.132538026119256,0
357.87,-7.0,99.12,-1.0,-7.44,-1.25,-0.11,0.28,-0.33,0.4465422712353221,7.610262807551392,0.6777479529618285,2.819842099193151,-2.5,2.0000000000000018,-21.500000000000004,21.73706511928416,0
357.5,-7.0,99.12,-0.5,-7.25,-1.12,0.06,0.17,-0.05,0.187082869338697,7.353019787815072,1.1401310701910212,-2.2655346029916,8.499999999999998,-5.500000000000001,14.000000000000002,17.277152543171,0
357.12,-7.0,99.12,-0.94,-8.5,-1.5,0.22,0.06,-0.18,0.290516780926679,8.682372947529956,0.2080256477275898,-2.256525837701183,8.0,-5.500000000000001,-6.5,11.683321445547923,0
356.69,-6.94,99.12,-0.81,-10.31,-1.87,0.0,0.0,0.01,0.01,10.509476675838812,0.0,-0.0,-11.0,-3.0,9.5,14.84082207965583,0
356.19,-6.94,99.06,-0.56,-10.44,-1.25,0.08,-0.17,0.11,0.2177154105707724,10.52946817270464,-0.8960026425810989,-0.628796286415433,4.0,-8.5,5.0,10.64189832689638,0
312.87,-6.69,98.69,-1.37,-8.13,-1.44,-0.1,0.12,-0.46,0.4857983120596448,8.369432477772913,0.2495997073036614,2.927531970025972,-9.0,14.500000000000002,-28.500000000000004,33.21897048374618,0
312.37,-6.75,98.81,-1.31,-8.44,-1.5,-0.07,0.15,-0.36,0.396232255123179,8.671776057994117,0.3882463329905292,2.949544636349063,1.5,1.5,5.000000000000002,5.4313902456001095,0
311.87,-6.75,98.94,-1.0,-9.13,-1.5,-0.13,0.09,-0.28,0.3215587038162705,9.306282823985097,0.2836760759345796,2.7069224384405484,-3.0,-3.0,3.999999999999998,5.830951894845299,0
311.37,-6.81,99.12,-1.0,-8.88,-1.5,-0.16,0.09,-0.49,0.5232590180780452,9.061147830159268,0.1728584986645902,2.825976991551027,-1.5,0.0,-10.499999999999998,10.606601717798211,0
310.94,-6.87,99.25,-0.62,-7.81,-1.37,0.02,0.06,-0.39,0.3950949253027682,7.953452080700555,0.152452092646566,-3.0903554861863745,9.0,-1.5,4.999999999999999,10.404326023342406,0
310.56,-6.87,99.31,-0.69,-7.0,-1.19,-0.14,0.09,-0.23,0.2839013913315678,7.133876926328348,0.3225767744461505,2.5948038127005457,-8.0,1.5,8.0,11.412712210513329,0
310.19,-6.94,99.31,-0.25,-5.94,-0.75,-0.06,0.0,-0.16,0.1708800749063506,5.992378492718897,0.0,2.782821983319221,4.000000000000001,-4.5,3.5000000000000004,6.9641941385920605,0
309.94,-6.94,99.31,-0.5,-4.25,-0.69,0.0,0.02,0.02,0.0282842712474619,4.33458187141505,0.7853981633974483,-0.0,3.0,1.0,9.0,9.539392014169456,0
309.75,-6.94,99.31,-0.31,-3.25,-0.37,-0.03,0.03,0.0,0.0424264068711928,3.285650620501212,0.7853981633974483,1.5707963267948966,-1.5,0.4999999999999999,-1.0,1.8708286933869709,0
309.62,-7.0,99.25,-0.25,-2.0,-0.25,-0.03,0.02,0.06,0.0699999999999999,2.03100960115899,0.2897517014360474,0.4636476090008061,0.0,-0.4999999999999999,3.0,3.0413812651491097,0
309.5,-7.0,99.25,-0.06,-1.19,-0.13,-0.15,0.03,0.08,0.1726267650163206,1.19858249611781,0.1746721990082397,1.0808390005411683,-6.0,0.4999999999999999,1.0000000000000002,6.103277807866851,0
309.44,-7.0,99.25,-0.25,-0.31,0.0,-0.09,0.01,0.11,0.14247806848775,0.3982461550347975,0.0702439929197784,0.6857295109062863,3.0,-0.9999999999999998,1.5,3.5,0
323.25,-7.25,98.75,1.31,14.88,2.37,-0.06,0.0,0.33,0.3354101966249684,15.124397508661296,0.0,0.1798534997924782,1.5,-0.5,11.000000000000002,11.113055385446437,0
324.0,-7.25,98.69,1.31,16.12,2.5,-0.05,-0.01,0.27,0.2747726332806817,16.365222271634444,-0.0364017649897159,0.1831108172624841,0.4999999999999997,-0.5,-3.0,3.082207001484488,0
324.81,-7.25,98.69,1.12,14.75,2.44,0.22,-0.02,0.04,0.2244994432064364,14.992348048254485,-0.0892053435475418,-1.3909428270024184,13.5,-0.5,-11.5,17.741194999210173,0
325.5,-7.19,98.75,1.19,11.75,1.69,0.07,-0.1,0.11,0.1643167672515498,11.930410722183876,-0.65427058395952,-0.5667292175235064,-7.5,-4.0,3.5000000000000004,9.192388155425116,0
326.0,-7.19,98.75,0.44,9.0,1.5,0.27,0.08,-0.07,0.2901723625709382,9.134746849256414,0.2793159840519045,-1.82447042293354,10.0,9.0,-9.0,16.186414056238647,0
326.37,-7.19,98.81,0.37,6.31,1.31,-0.02,-0.04,-0.23,0.2343074902771996,6.455160726116739,-0.1715561282544828,3.054854314913808,-14.500000000000002,-6.0,-8.0,17.61391495380854,0
326.69,-7.19,98.87,1.87,6.37,1.0,-0.33,-0.25,-0.5,0.6491532946846993,6.713702406273308,-0.3953346490246137,2.558219646595937,-15.5,-10.5,-13.5,23.08137777516758,0
327.06,-7.19,98.94,0.81,8.5,1.44,0.02,0.04,-0.3,0.303315017762062,8.659081937480439,0.1322613670865541,-3.0750244898139694,17.5,14.499999999999998,10.0,24.82941803587028,0
327.44,-7.25,99.12,0.56,9.19,1.56,-0.08,0.07,-0.27,0.2901723625709382,9.338270717857776,0.2436391929253561,2.853537206539168,-5.0,1.5000000000000002,1.4999999999999984,5.431390245600108,0
327.87,-7.25,99.25,0.44,9.75,1.5,0.05,0.04,-0.24,0.2483948469674844,9.874517709741577,0.1617381725504539,-2.936197264400026,6.5,-1.5000000000000002,1.500000000000001,6.837397165588672,0
328.31,-7.25,99.31,0.56,7.87,1.25,0.04,-0.07,-0.08,0.1135781669160054,7.988303950151121,-0.6640555250489267,-2.677945044588987,-0.5000000000000001,-5.500000000000001,7.999999999999998,9.721111047611789,0
328.62,-7.25,99.31,0.44,8.06,1.37,0.03,0.01,0.06,0.0678232998312526,8.187435495929114,0.1479814607487837,-0.4636476090008061,-0.5000000000000001,4.0,7.000000000000001,8.077747210701757,0
335.5,-6.87,100.0,0.0,1.56,0.13,-0.07,0.0,-0.01,0.0707106781186547,1.5654072952429985,0.0,1.7126933813990606,-5.0,-0.5,-3.5,6.123724356957945,0
335.62,-6.87,100.0,-0.13,1.25,0.19,-0.06,0.01,0.0,0.0608276253029822,1.2710232098588916,0.1651486774146268,1.5707963267948966,0.5000000000000004,0.5,0.5,0.8660254037844389,0
335.69,-6.87,100.0,-0.19,1.06,0.06,-0.03,0.0,0.01,0.0316227766016837,1.078563859954523,0.0,1.2490457723982544,1.5,-0.5,0.5,1.6583123951777,0
335.75,-6.87,100.0,-0.19,1.0,0.13,-0.07,0.03,0.0,0.076157731058639,1.026157882589224,0.4048917862850834,1.5707963267948966,-2.0000000000000004,1.5,-0.5,2.5495097567963927,0
335.81,-6.87,100.0,-0.19,0.94,0.06,-0.06,0.01,0.0,0.0608276253029822,0.960885008728932,0.1651486774146268,1.5707963267948966,0.5000000000000004,-0.9999999999999998,0.0,1.118033988749895,0
335.81,-6.87,100.0,-0.06,1.0,0.0,-0.06,0.01,0.0,0.0608276253029822,1.0017983829094554,0.1651486774146268,1.5707963267948966,0.0,0.0,0.0,0.0,0
335.87,-6.87,100.0,-0.19,0.69,0.13,-0.07,0.05,-0.01,0.0866025403784438,0.7273926037567332,0.6154797086703873,1.7126933813990606,-0.5000000000000004,2.0,-0.5,2.1213203435596424,0
335.94,-6.81,100.0,-0.19,0.69,0.06,-0.07,0.02,0.01,0.0734846922834953,0.7181921748390189,0.2756427992162653,1.4288992721907328,0.0,-1.5,1.0,1.8027756377319943,0
335.94,-6.81,100.0,-0.19,0.37,0.13,-0.06,0.01,0.01,0.0616441400296897,0.4357751713900185,0.1629414786105193,1.40564764938027,0.5000000000000004,-0.5,0.0,0.7071067811865478,0
335.94,-6.81,100.0,-0.13,0.31,0.19,-0.06,0.0,0.01,0.0608276253029822,0.3861346915261565,0.0,1.40564764938027,0.0,-0.5,0.0,0.5,0
335.94,-6.81,100.0,0.13,-0.06,-0.13,-0.07,0.03,0.04,0.0860232526704262,0.1933907960581371,0.3562294761518725,1.0516502125483738,-0.5000000000000004,1.5,1.5,2.179449471770337,0
337.25,-6.94,100.06,-0.06,-0.06,0.0,-0.07,0.0,0.02,0.0728010988928051,0.0848528137423857,0.0,1.2924966677897851,0.0,-1.5,-1.0,1.8027756377319943,0
337.25,-6.94,100.06,-0.13,0.06,0.06,-0.04,0.0,0.03,0.05,0.1552417469626002,0.0,0.9272952180016124,1.5000000000000002,0.0,0.4999999999999999,1.58113883008419,0
337.25,-6.94,100.06,0.13,0.0,0.0,-0.07,0.03,0.05,0.091104335791443,0.13,0.3355544842714666,0.9505468408120752,-1.5000000000000002,1.5,1.0000000000000002,2.345207879911716,0
337.19,-6.94,100.06,-0.06,0.19,0.06,-0.04,0.01,0.05,0.0648074069840786,0.2080865204668481,0.1549223198708134,0.6747409422235526,1.5000000000000002,-0.9999999999999998,0.0,1.8027756377319948,0
337.19,-6.94,100.0,0.0,0.06,-0.13,-0.06,-0.01,0.02,0.0640312423743284,0.1431782106327635,-0.1568156853444008,1.2490457723982544,-0.9999999999999998,-1.0,-1.5,2.0615528128088303,0
337.19,-6.94,100.0,0.06,0.0,0.13,-0.02,0.0,0.0,0.02,0.1431782106327635,0.0,1.5707963267948966,2.0,0.5,-1.0,2.2912878474779195,0
337.19,-6.94,100.0,-0.06,0.0,0.0,-0.07,0.0,0.0,0.07,0.06,0.0,1.5707963267948966,-2.5,0.0,0.0,2.5,0
337.19,-6.94,100.0,0.0,0.13,0.06,-0.02,0.02,0.02,0.0346410161513775,0.1431782106327635,0.6154797086703874,0.7853981633974483,2.5,1.0,1.0,2.8722813232690143,0
337.19,-6.94,100.0,-0.13,-0.06,-0.13,-0.05,0.03,0.03,0.06557438524302,0.1933907960581371,0.4751768494980949,1.0303768265243125,-1.5,0.4999999999999999,0.4999999999999999,1.6583123951777,0
337.19,-6.94,100.0,0.13,0.06,0.06,-0.03,0.0,0.04,0.05,0.1552417469626002,0.0,0.6435011087932844,1.0000000000000002,-1.5,0.5000000000000001,1.8708286933869709,0
337.19,-6.94,100.0,0.0,0.13,-0.13,-0.07,0.12,0.06,0.1513274595042155,0.1838477631085023,0.9156886325302354,0.8621700546672264,-2.0000000000000004,6.0,0.9999999999999998,6.4031242374328485,0
337.19,-6.94,100.06,-0.19,-0.25,-0.13,-0.1,0.02,0.11,0.15,0.3398529093593285,0.1337315894099415,0.7378150601204649,-1.5,-4.999999999999999,2.5,5.787918451395112,0
359.25,-7.06,99.37,-1.12,0.5,0.19,0.46,0.23,0.06,0.5177837386399847,1.241168803990819,0.4602821324364272,-1.4410937896389846,79.0,14.500000000000002,11.5,81.13877001779113,0
359.31,-7.06,99.37,0.56,2.87,0.62,-0.53,0.15,-0.29,0.6224949798994367,2.9891303083003926,0.2433608496063486,2.0714640516696328,-49.5,-4.000000000000001,-17.5,52.65453446760307,0
359.5,-7.06,99.44,-0.25,3.69,0.56,-0.06,0.28,0.36,0.46,3.740614922709901,0.6544155622491767,0.1651486774146268,23.5,6.500000000000002,32.49999999999999,40.6294228361664,0
359.69,-7.06,99.44,0.0,2.69,0.44,0.31,0.2,0.14,0.3945883931389771,2.7257476038694413,0.5315351471915271,-1.14660191889113,18.5,-4.000000000000001,-10.999999999999998,21.891779278989635,0
359.75,-7.06,99.44,0.13,0.37,0.13,-0.08,0.17,0.15,0.2404163056034261,0.4131585652022719,0.7853981633974484,0.4899573262537283,-19.5,-1.5,0.499999999999999,19.56399754651385,0
359.75,-7.06,99.44,0.19,-0.19,0.0,0.05,0.19,-0.05,0.2027313493271329,0.268700576850888,1.2145165556254367,-2.356194490192345,6.5,0.9999999999999994,-10.0,11.968709203585824,0
359.75,-7.06,99.44,0.13,-0.37,-0.06,-0.02,0.13,-0.22,0.2563201123595259,0.3967366884975474,0.5319075922771425,3.050932766389048,-3.5000000000000004,-3.0,-8.499999999999998,9.669539802906856,0
0.0,-7.06,98.44,0.06,1.06,0.19,0.02,0.12,0.44,0.4565084884205331,1.078563859954523,0.2659901983580081,-0.045423279421577,2.0,-0.5000000000000004,33.0,33.06433123473088,0
0.06,-7.06,98.25,0.0,0.62,0.0,0.0,0.13,0.47,0.4876474136094643,0.62,0.2698491559384692,-0.0,-1.0,0.5000000000000004,1.4999999999999984,1.8708286933869696,0
0.06,-7.06,98.12,-0.19,0.31,0.13,0.03,0.19,0.36,0.408166632639171,0.3861346915261565,0.4841951294145008,-0.0831412318884412,1.5,3.0,-5.499999999999999,6.442049363362561,0
0.13,-7.06,98.0,-0.19,-0.69,0.06,0.06,0.21,0.35,0.4125530268947253,0.7181921748390189,0.5340522300892636,-0.1697782739683384,1.5,0.9999999999999994,-0.5000000000000004,1.8708286933869709,0
0.06,-7.06,97.87,0.06,-1.69,-0.25,0.0,0.13,0.3,0.3269556544854363,1.709444354168921,0.4089078289509254,-0.0,-3.0,-3.999999999999999,-2.5,5.590169943749474,0
359.94,-7.06,97.75,-0.13,-2.69,-0.13,0.11,0.13,0.34,0.3802630668366309,2.696275208505244,0.3489045796806962,-0.3129012278803844,5.5,0.0,2.0000000000000018,5.852349955359813,0
359.75,-7.06,97.69,-0.56,-4.0,-0.13,0.01,0.18,0.2,0.2692582403567252,4.04110133503232,0.7321943713006673,-0.0499583957219427,-5.0,2.5,-7.000000000000001,8.95823643358446,0
359.5,-7.12,97.56,-0.13,-5.31,-0.5,0.01,0.13,0.38,0.4017461885320133,5.335072633057585,0.3295184123566055,-0.0263097172529221,0.0,-2.5,9.0,9.340770846134705,0
359.19,-7.12,97.44,-0.37,-5.87,-0.37,-0.08,0.13,0.26,0.3014962686336267,5.893275829282047,0.4458032711161821,0.2984989315861793,-4.5,0.0,-6.0,7.5,0
358.81,-7.19,97.37,-0.5,-6.56,-0.81,-0.03,0.21,0.21,0.298496231131986,6.628702738847172,0.7803475724588205,0.1418970546041639,2.5,3.999999999999999,-2.500000000000001,5.338539126015656,0
358.5,-7.19,97.31,-0.69,-6.75,-1.12,-0.13,0.18,0.08,0.2360084744241189,6.876990620903885,0.8674536046756921,1.0191413442663495,-5.0,-1.5,-6.5,8.336666000266533,0
358.19,-7.19,97.31,-0.88,-7.31,-1.5,0.01,0.18,-0.18,0.2547547840571399,7.514020228878812,0.7846277470679457,-3.086094148344076,7.000000000000001,0.0,-13.0,14.7648230602334,0
357.25,-7.56,98.56,-0.13,-0.31,0.19,0.0,0.14,-0.35,0.3769615364994153,0.3861346915261565,0.3805063771123649,-3.141592653589793,-0.5,-1.999999999999999,-8.499999999999998,8.746427842267948,0
357.25,-7.56,98.62,-0.56,0.0,-0.19,-0.04,0.32,-0.5,0.5949789912257406,0.5913543776789009,0.5678658952322707,3.061762667877556,-2.0,9.0,-7.500000000000001,11.884864324004711,0
357.25,-7.56,98.69,0.25,1.06,0.19,0.08,0.17,-0.77,0.7925906888173744,1.105531546361297,0.2161660604128232,-3.038067979079249,6.0,-7.5,-13.5,16.56804152578089,0
357.31,-7.56,98.69,-0.62,-0.13,-0.13,-0.04,0.06,-0.96,0.9627045237246992,0.6466838485689897,0.0623648377107475,3.099950074491205,-6.0,-5.500000000000001,-9.499999999999996,12.509996003196802,0
357.31,-7.56,98.69,0.62,-0.13,0.0,-0.23,-0.03,-1.09,1.1144056711987786,0.6334824385884742,-0.0269234314197727,2.933634106336859,-9.5,-4.5,-6.500000000000005,12.359207094308278,0
357.37,-7.56,98.94,0.31,2.56,-0.19,-0.02,0.27,0.51,0.5774080013300821,2.5856913968994832,0.4865815796602035,0.0391956019270547,10.5,15.000000000000002,80.0,82.06856889211606,0
357.5,-7.5,98.94,1.31,1.44,0.13,0.36,-0.38,-0.67,0.8502352615599991,1.951050998820892,-0.4633362899222243,-2.648541756384982,19.0,-32.5,-59.00000000000001,69.98749888372923,0
357.56,-7.5,98.94,-0.31,1.37,0.31,-0.02,0.1,0.59,0.5987486951969081,1.4384366513684224,0.1678013416765209,0.0338853299041176,-19.0,24.0,63.0,70.04284403134984,0
357.62,-7.5,98.94,0.69,1.56,0.75,0.26,-0.11,0.67,0.7270488291717414,1.863384018392344,-0.1518798191477144,-0.3701708278422166,14.000000000000002,-10.5,4.000000000000004,17.951323071016244,0
357.81,-7.5,98.62,0.13,1.31,0.69,-0.2,0.09,0.55,0.5921148537234985,1.4863041411501214,0.1525889807121923,0.3487710035839069,-23.0,10.0,-6.0,25.78759391645525,0
357.87,-7.5,98.56,1.06,1.25,0.69,0.31,-0.26,0.22,0.4605431575867782,1.7782575741438584,-0.5998889089613391,-0.9536049352545344,25.5,-17.5,-16.500000000000004,35.05353049266222,0
0.25,-7.44,100.81,-0.06,0.31,0.25,-0.19,0.0,-0.31,0.3635931792539568,0.4027406113120453,0.0,2.5917394709132084,-25.0,13.0,-26.5,38.68139087468288,0
0.25,-7.44,100.94,-0.13,1.44,0.5,-0.05,0.1,-0.44,0.4539823785126466,1.529869275461142,0.2220941993179832,3.0284416719993086,7.000000000000001,5.0,-6.5,10.781929326423914,0
0.37,-7.5,101.12,0.13,3.44,0.81,-0.18,0.05,-0.83,0.8507643622061282,3.536467163710134,0.0588045648429347,2.928032220109305,-6.5,-2.5,-19.5,20.70627924084865,0
0.56,-7.5,101.12,0.13,4.25,0.88,0.27,0.01,-0.68,0.7317103251970688,4.342096267933266,0.0136670359506138,-2.76362434209352,22.5,-2.0,7.499999999999996,23.80126047082381,0
0.75,-7.44,101.31,-0.06,1.94,0.5,-0.11,0.11,-0.56,0.5812056434688156,2.0042953874117457,0.1904102586771087,2.9476335063299,-19.0,5.0,6.0,20.54263858417414,0
0.81,-7.44,101.31,0.06,1.06,0.31,0.01,0.04,-0.43,0.4319722213291035,1.1060289327137878,0.0927313910310664,-3.1183410307793302,6.0,-3.5000000000000004,6.500000000000003,9.513148795220223,0
0.81,-7.44,101.44,-0.06,0.37,0.13,-0.06,0.01,-0.22,0.2282542442102665,0.3967366884975474,0.0438248225224891,2.875340604438868,-3.5,-1.5,10.5,11.169153951844338,0
0.81,-7.44,101.5,-0.31,-0.69,-0.06,0.01,0.07,-0.2,0.2121320343559642,0.758814865431615,0.3362857406901404,-3.0916342578678506,3.5,3.0,0.9999999999999994,4.716990566028302,0
0.69,-7.44,101.56,0.0,-2.0,-0.31,0.08,0.07,-0.22,0.2443358344574123,2.0238824076511954,0.2905622246132584,-2.7928216500058864,3.5000000000000004,0.0,-0.9999999999999994,3.64005494464026,0
0.62,-7.5,101.56,-0.31,-2.37,-0.31,0.04,-0.02,-0.33,0.3330165161069343,2.410207459950284,-0.0600932429220961,-3.0209689850096906,-2.0,-4.5,-5.500000000000001,7.382411530116701,0
0.44,-7.5,101.62,-0.06,-2.75,-0.37,0.06,-0.02,-0.37,0.3753664875824692,2.775427894938004,-0.0533065037702554,-2.9808299129639586,0.9999999999999998,0.0,-1.999999999999999,2.2360679774997885,0
0.31,-7.5,101.69,-0.37,-2.69,-0.37,0.03,0.0,-0.31,0.3114482300479487,2.7404196758890778,0.0,-3.0451188784072065,-1.5,1.0,3.0,3.5,0
355.12,-7.56,99.5,-0.25,-3.75,-0.31,-0.13,-0.11,-0.54,0.5662155066756827,3.771087376341206,-0.1955155821167275,2.905347392871356,-8.0,-5.5,-11.500000000000002,15.049916943292413,0
354.94,-7.62,99.5,0.31,-3.12,-0.5,0.02,0.13,-0.21,0.2477902338672773,3.174980314899606,0.5522890193034389,-3.046640947247037,7.5,12.0,16.500000000000004,21.73706511928416,0
354.81,-7.62,99.44,0.88,-0.94,0.13,0.39,-0.19,-0.57,0.7163099887618488,1.2941792766073794,-0.2684614278583364,-2.5415424401880395,18.5,-16.0,-18.0,30.36856927812043,0
354.75,-7.62,99.5,-0.37,-1.69,-0.44,0.11,-0.02,0.25,0.273861278752583,1.785105038926281,-0.0730947458931301,-0.4145068745847859,-14.000000000000002,8.5,41.0,44.15031143718014,0
354.62,-7.62,99.5,0.31,-2.94,-0.56,0.15,0.14,-0.68,0.7102816342831906,3.008870219866586,0.19840402162911,-2.9244813388548883,2.0,8.0,-46.5,47.225522760473496,0
354.5,-7.62,99.5,-0.94,-2.62,-0.06,0.05,-0.07,0.14,0.1643167672515498,2.7841695350678632,-0.4400740199977141,-0.3430239404207034,-4.999999999999999,-10.5,41.0,42.61748467472007,0
354.37,-7.62,99.5,0.13,-3.25,-0.62,0.09,0.07,-0.2,0.2302172886644267,3.311162937700288,0.3089521536895802,-2.7187387274568526,2.0,7.000000000000001,-17.0,18.49324200890693,0
354.19,-7.62,99.5,-0.31,-4.44,-0.56,0.04,-0.1,0.46,0.4724404724407087,4.485900132637819,-0.2132801679921792,-0.0867383386759851,-2.5,-8.5,33.0,34.16869912653978,0
354.0,-7.62,99.44,-0.13,-4.5,-0.25,0.26,-0.17,-0.1,0.3263433774416144,4.508813591178948,-0.5479327137656625,-1.937970160613116,11.0,-3.5000000000000004,-28.000000000000004,30.28613544181562,0
353.81,-7.62,99.44,-0.13,-4.81,-0.25,0.03,-0.32,0.5,0.5943904440685432,4.818246569033178,-0.5684977127631096,-0.0599281551212078,-11.5,-7.5,30.0,32.992423372647245,0
353.56,-7.69,99.44,-0.62,-3.56,-0.13,0.08,0.08,0.56,0.5713142742834281,3.615923118651722,0.1404897017535203,-0.1418970546041639,2.5,20.0,3.0000000000000027,20.37768387231484,0
353.37,-7.69,99.31,-0.19,-3.44,-0.25,0.11,0.06,0.7,0.7111258679024409,3.454301666039027,0.0844736778465035,-0.1558682013983225,1.5,-1.0000000000000002,6.999999999999995,7.228416147400475,0
342.5,-7.5,98.37,0.0,-6.12,-1.06,0.23,-0.11,0.14,0.2908607914449798,6.211119061811647,-0.3878379087720945,-1.0240074859056492,6.0,-8.499999999999998,-28.0,29.870554062487688,0
342.19,-7.5,98.31,-0.62,-6.0,-0.62,0.13,0.14,0.03,0.1933907960581371,6.063728226099848,0.8094716343403625,-1.3439974787410107,-5.0,12.5,-5.500000000000001,14.543039572248986,0
341.94,-7.5,98.31,-0.88,-6.06,-0.69,0.08,0.05,0.02,0.0964365076099295,6.162312877483584,0.545067543211281,-1.3258176636680326,-2.5,-4.5,-0.4999999999999999,5.172040216394301,0
341.62,-7.5,98.31,-1.12,-5.69,-0.75,0.02,-0.04,-0.13,0.1374772708486752,5.84747808888584,-0.2952271570589906,-2.988943325194528,-3.0,-4.5,-7.5,9.246621004453464,0
341.31,-7.5,98.31,-1.0,-5.94,-0.56,0.1,0.04,-0.04,0.1148912529307605,6.049561967613855,0.3556025829805332,-1.9513027039072608,4.0,4.0,4.5,7.22841614740048,0
341.06,-7.5,98.31,-0.31,-6.06,-0.88,0.11,0.15,0.06,0.1954482028569206,6.131402775874376,0.8748802933416462,-1.0714496051147666,0.4999999999999997,5.499999999999999,5.0,7.449832212875669,0
340.75,-7.5,98.31,-0.19,-6.0,-0.69,-0.04,0.04,-0.25,0.2563201123595259,6.042532581625026,0.1566953104668687,2.982937391403392,-7.5,-5.499999999999999,-15.5,18.07622748252522,0
340.5,-7.5,98.25,-0.88,-5.87,-0.88,0.0,-0.08,-0.11,0.1360147050873544,6.000474981199406,-0.628796286415433,-3.141592653589793,2.0,-6.0,7.000000000000001,9.433981132056603,0
340.19,-7.5,98.25,-0.62,-5.62,-0.69,0.14,0.0,-0.08,0.161245154965971,5.6960424857966085,0.0,-2.08994244104142,7.000000000000001,4.0,1.5,8.200609733428363,0
339.94,-7.5,98.25,-0.56,-5.69,-0.5,0.05,-0.01,0.03,0.0591607978309961,5.739311805434516,-0.1698462880836736,-1.0303768265243125,-4.5,-0.5,5.5,7.123903424387503,0
339.62,-7.5,98.25,-0.81,-5.87,-0.69,0.03,-0.07,-0.13,0.1506651917331936,5.965660064066675,-0.4831899809459105,-2.914793805535908,-1.0000000000000002,-3.0,-8.0,8.602325267042627,0
339.37,-7.5,98.25,-0.44,-4.75,-0.75,0.09,0.09,0.19,0.2286919325205854,4.82893362969507,0.4044819021152978,-0.4423742229767449,3.0,8.0,16.0,18.138357147217054,0
336.44,-7.5,98.56,-0.06,0.19,0.06,0.01,0.02,-0.17,0.1714642819948224,0.2080865204668481,0.1169084964662503,-3.0828368308740703,-4.0,-3.5,-18.0,18.76832437912346,0
336.44,-7.5,98.62,0.06,0.0,0.0,0.01,0.03,-0.16,0.1630950643030009,0.06,0.1849951861777229,-3.079173843593836,0.0,0.4999999999999999,0.5000000000000004,0.7071067811865478,0
336.44,-7.5,98.62,0.13,-0.13,0.0,0.01,0.03,-0.17,0.1729161646579058,0.1838477631085023,0.174376858228548,-3.0828368308740703,0.0,0.0,-0.5000000000000004,0.5000000000000004,0
336.44,-7.5,98.69,-0.06,0.13,0.19,0.0,0.02,-0.16,0.161245154965971,0.2379075450674063,0.1243549945467614,-3.141592653589793,-0.5,-0.4999999999999999,0.5000000000000004,0.8660254037844388,0
336.44,-7.5,98.69,-0.06,0.13,0.0,0.0,0.01,-0.16,0.1603121954188139,0.1431782106327635,0.0624188099959573,-3.141592653589793,0.0,-0.5,0.0,0.5,0
336.44,-7.5,98.69,0.0,0.06,-0.13,0.01,0.01,-0.13,0.1307669683062202,0.1431782106327635,0.0765466421444462,-3.064820762320015,0.5,0.0,1.5,1.5811388300841898,0
336.44,-7.5,98.69,0.06,0.13,0.06,0.03,0.0,-0.15,0.1529705854077835,0.1552417469626002,0.0,-2.9441970937399127,0.9999999999999998,-0.5,-0.9999999999999994,1.4999999999999991,0
336.44,-7.5,98.75,-0.06,0.0,0.06,0.02,0.02,-0.12,0.1232882800593795,0.0848528137423857,0.1629414786105193,-2.976443976175166,-0.4999999999999999,1.0,1.5,1.8708286933869709,0
336.44,-7.5,98.75,-0.13,0.0,-0.06,0.0,0.02,-0.13,0.131529464379659,0.1431782106327635,0.1526493283952651,-3.141592653589793,-1.0,0.0,-0.5000000000000004,1.1180339887498951,0
336.44,-7.5,98.75,0.0,0.0,0.06,0.0,0.0,-0.12,0.12,0.06,0.0,-3.141592653589793,0.0,-1.0,0.5000000000000004,1.1180339887498951,0
336.44,-7.5,98.75,-0.06,0.0,-0.19,0.02,0.02,-0.08,0.0848528137423857,0.1992485884517127,0.2379411248302082,-2.896613990462929,1.0,1.0,2.0,2.449489742783178,0
336.44,-7.5,98.81,-0.06,0.06,-0.06,0.02,0.02,-0.11,0.1135781669160054,0.1039230484541326,0.1770131455190035,-2.961739153797315,0.0,0.0,-1.5,1.5,0
336.5,-7.44,98.94,0.13,0.62,0.13,0.04,0.01,-0.1,0.1081665382639196,0.6466838485689897,0.0925822370195071,-2.761086276477428,1.0,-0.5,0.4999999999999997,1.224744871391589,0
336.5,-7.44,98.94,0.19,0.5,0.19,0.03,0.01,-0.1,0.1048808848170151,0.567626637852735,0.0954913171603535,-2.8501358591119264,-0.5000000000000001,0.0,0.0,0.5000000000000001,0
336.5,-7.44,98.94,0.06,-0.06,0.13,-0.01,0.03,-0.03,0.0435889894354067,0.1552417469626002,0.7590702092666635,2.819842099193151,-2.0,0.9999999999999998,3.5000000000000004,4.153311931459037,0
336.5,-7.44,98.94,-0.13,-0.31,0.0,0.01,0.02,-0.05,0.0547722557505166,0.3361547262794322,0.3737921748345104,-2.9441970937399127,1.0,-0.4999999999999999,-1.0000000000000002,1.5000000000000002,0
336.5,-7.44,98.94,0.13,-0.31,-0.06,0.04,0.01,-0.07,0.0812403840463596,0.3414674215792774,0.1234044667347864,-2.62244653934327,1.5,-0.5,-1.0000000000000002,1.8708286933869709,0
336.5,-7.44,99.0,0.19,-0.13,0.0,-0.01,0.0,-0.08,0.0806225774829855,0.2302172886644267,0.0,3.017237659043032,-2.5,-0.5,-0.4999999999999997,2.598076211353316,0
336.5,-7.44,99.0,0.06,0.06,0.06,0.0,0.02,-0.08,0.0824621125123532,0.1039230484541326,0.2449786631268641,-3.141592653589793,0.5,1.0,0.0,1.118033988749895,0
336.5,-7.44,99.0,0.13,0.25,0.19,0.01,0.01,-0.09,0.0911043357914429,0.3398529093593285,0.1099858737860146,-3.0309354324158977,0.5,-0.5,-0.4999999999999997,0.8660254037844385,0
336.5,-7.44,99.0,0.13,0.25,0.06,0.02,0.04,-0.08,0.0916515138991168,0.2880972058177586,0.4516334410795318,-2.896613990462929,0.5,1.5,0.4999999999999997,1.6583123951776997,0
336.5,-7.44,99.0,0.13,0.19,0.0,0.0,0.03,-0.07,0.076157731058639,0.2302172886644267,0.4048917862850834,-3.141592653589793,-1.0,-0.5000000000000001,0.4999999999999997,1.224744871391589,0
336.5,-7.44,99.0,0.13,-0.06,0.0,0.0,0.01,-0.1,0.1004987562112089,0.1431782106327635,0.099668652491162,-3.141592653589793,0.0,-0.9999999999999998,-1.5,1.8027756377319943,0
336.5,-7.44,99.0,0.06,-0.06,0.0,0.02,0.01,-0.08,0.0830662386291807,0.0848528137423857,0.1206785531310097,-2.896613990462929,1.0,0.0,1.0000000000000002,1.4142135623730951,0
336.5,-7.44,99.06,-0.44,0.0,-0.06,0.03,0.04,-0.06,0.0781024967590665,0.4440720662234903,0.5376832530932061,-2.677945044588987,0.4999999999999999,1.5,1.0000000000000002,1.8708286933869709,0
2.31,-7.19,98.56,0.56,0.69,0.13,0.2,0.12,-0.23,0.327566787083184,0.8981091247727082,0.3750698310568496,-2.425849063920913,18.5,-6.0,17.5,26.16295090390226,0
2.31,-7.19,98.56,0.0,1.0,0.13,-0.09,0.19,-0.14,0.2525866188063018,1.0084145972763383,0.8514205765382111,2.5702551737561663,-14.500000000000002,3.5000000000000004,4.5,15.580436450882884,0
2.44,-7.19,98.62,-0.37,1.69,0.37,0.07,0.06,-0.02,0.094339811320566,1.76915233939873,0.6893020395473869,-1.849095985800008,8.0,-6.5,6.0,11.926860441876563,0
2.5,-7.19,98.62,0.44,1.19,0.44,0.1,0.0,0.05,0.1118033988749895,1.3428700607281403,0.0,-1.1071487177940904,1.5,-3.0,3.5000000000000004,4.847679857416329,0
2.56,-7.19,98.62,0.37,1.06,0.06,0.0,0.13,0.0,0.13,1.1243220179290274,1.5707963267948966,-0.0,-5.0,6.5,-2.5,8.573214099741124,0
2.62,-7.19,98.62,0.5,1.06,0.19,0.02,-0.01,-0.15,0.151657508881031,1.1873078791956198,-0.0659859222609037,-3.0090411212931194,1.0,-7.000000000000001,-7.5,10.307764064044152,0
2.69,-7.19,98.69,0.0,1.5,0.13,-0.07,0.04,-0.35,0.3591656999213594,1.505622794726488,0.111600724385069,2.944197093739912,-4.5,2.5,-9.999999999999998,11.247221879201993,0
2.75,-7.19,98.81,-0.13,0.81,-0.06,0.06,0.09,-0.79,0.7973706791699832,0.8225569889071518,0.1131120119131473,-3.065788816228654,6.5,2.5,-22.000000000000004,23.075961518428656,0
7.37,-6.81,97.56,0.37,-0.06,-0.06,0.24,0.28,-0.67,0.7647875521999558,0.3796050579220461,0.3748304383931851,-2.797623533866432,9.0,9.500000000000002,6.0,14.39618004888797,0
7.37,-6.81,97.75,0.88,0.13,0.69,0.03,-0.14,0.48,0.5008991914547277,1.1257886124845995,-0.2832705624183593,-0.0624188099959573,-10.5,-21.0,57.49999999999999,62.10877554742163,0
7.37,-6.81,97.69,0.69,-0.88,-0.06,0.16,-0.22,0.24,0.3627671429443411,1.119866063420086,-0.6515877583358898,-0.5880026035475676,6.5,-3.999999999999999,-12.0,14.221462653327892,0
7.31,-6.81,97.62,0.37,-2.31,0.13,0.04,0.26,0.15,0.3028200785945344,2.3430535631948324,1.0325239665623145,-0.260602391747341,-6.0,24.0,-4.5,25.14458192136032,0
7.19,-6.81,97.62,0.19,-2.56,-0.56,-0.17,0.07,-0.11,0.2142428528562855,2.6274131764912805,0.332843747012522,2.145101156969598,-10.5,-9.5,-13.0,19.22238278674109,0
7.06,-6.81,97.62,0.19,-2.37,-0.56,-0.04,-0.14,-0.02,0.1469693845669907,2.4426624818013645,-1.2616030058518954,2.0344439357957027,6.5,-10.5,4.5,13.143439428094917,0
6.94,-6.81,97.56,0.81,-2.87,-0.62,0.06,-0.04,0.02,0.0748331477354788,3.045882466543973,-0.5639426413606289,-1.2490457723982544,5.0,5.0,2.0,7.3484692283495345,0
6.81,-6.81,97.56,-0.13,-3.19,-0.62,0.1,0.1,0.28,0.3136877428271624,3.252291499850528,0.3244508723577067,-0.3430239404207034,2.0000000000000004,7.000000000000001,13.0,14.89966442575134,0
6.69,-6.81,97.5,-0.06,-3.0,-0.56,-0.02,0.03,0.31,0.3120897306865447,3.0524088847990205,0.0962748576798861,0.0644268394255535,-6.0,-3.5000000000000004,1.4999999999999984,7.106335201775948,0
6.5,-6.81,97.37,-0.06,-2.25,-0.13,0.02,0.11,0.39,0.4057092555020159,2.254550953072473,0.2745669384374422,-0.0512371674034188,2.0,4.0,4.000000000000001,6.000000000000001,0
6.44,-6.81,97.19,0.13,-1.87,-0.19,0.05,-0.15,0.34,0.3749666651850535,1.884117830710171,-0.4115556458609443,-0.1460122577112754,1.5,-13.0,-2.5,13.322912594474229,0
358.44,-6.94,96.87,1.06,0.81,0.44,-0.14,-0.21,0.2,0.3220248437620924,1.404741969188648,-0.7103822388229732,0.6107259643892087,-9.5,-3.0,-7.000000000000001,12.17579566188592,0
358.5,-6.94,96.87,1.5,0.88,0.31,-0.03,-0.16,-0.09,0.1860107523773827,1.7664937022248337,-1.035593748534437,2.819842099193151,5.500000000000001,2.5,-14.500000000000002,15.70827807240501,0
358.5,-6.94,96.87,0.31,0.5,0.37,-0.03,0.15,-0.31,0.3456877203488721,0.6949820141557621,0.4488365786663628,3.0451188784072065,0.0,15.5,-11.0,19.00657780874821,0
358.5,-6.94,96.87,0.06,0.5,0.44,0.21,0.24,-0.32,0.4517742799230607,0.6687301398920195,0.5600620176883632,-2.560836300022123,12.0,4.5,-0.5000000000000004,12.82575533838066,0
358.5,-6.94,96.87,0.62,-0.25,-0.06,-0.09,-0.02,-0.16,0.1846618531261938,0.6711929677819933,-0.108518939858476,2.6292031932790554,-15.0,-13.0,8.0,21.40093455903269,0
358.5,-6.94,96.94,-0.31,0.31,0.13,0.07,0.1,-0.04,0.1284523257866513,0.457274534606947,0.8922706925033231,-2.08994244104142,8.0,6.0,6.0,11.6619037896906,0
358.5,-6.94,96.87,0.81,0.56,0.0,-0.16,-0.08,0.05,0.1857417562100671,0.9847334664770973,-0.4452743791553811,1.2679114584199251,-11.5,-9.0,4.5,15.280706789936126,0
358.56,-6.94,96.87,0.25,0.81,-0.13,0.06,0.01,0.21,0.2186321110907544,0.8576129663198896,0.0457548984320752,-0.2782996590051113,11.0,4.5,7.999999999999998,14.326548781894402,0
358.56,-6.94,96.81,0.69,0.44,-0.06,-0.02,0.07,0.23,0.2412467616362963,0.8205485969764374,0.294393331881965,0.0867383386759851,-4.0,3.0,1.0000000000000009,5.0990195135927845,0
358.56,-6.94,96.75,-0.37,-0.62,-0.19,0.13,-0.03,0.44,0.4597825573029059,0.7465922581972037,-0.0652946203985674,-0.2872814533971342,7.5,-5.0,10.5,13.838352503098047,0
358.5,-6.94,96.75,-0.31,-2.69,-0.5,0.23,-0.11,0.59,0.6427285585688565,2.753579488592984,-0.1719920473407078,-0.371708950118585,5.0,-4.0,7.499999999999998,9.861541461658009,0
353.62,-6.87,96.44,0.0,0.0,0.06,0.01,0.06,-0.12,0.1345362404707371,0.06,0.4622649579770524,-3.058451421701352,-11.0,8.499999999999998,-35.5,38.1247950814165,0
353.62,-6.87,96.44,0.0,0.06,-0.13,0.0,0.04,-0.15,0.1552417469626002,0.1431782106327635,0.260602391747341,-3.141592653589793,-0.5,-0.9999999999999998,-1.5,1.8708286933869709,0
353.62,-6.87,96.44,0.06,-0.06,-0.06,-0.01,0.03,-0.12,0.1240967364599085,0.1039230484541326,0.244165735360637,3.058451421701352,-0.5,-0.5000000000000001,1.5,1.6583123951777,0
353.62,-6.87,96.44,-0.06,0.13,0.06,0.0,0.06,-0.12,0.1341640786499874,0.1552417469626002,0.4636476090008061,-3.141592653589793,0.5,1.5,0.0,1.5811388300841898,0
353.62,-6.87,96.5,0.0,-0.19,0.0,0.0,0.06,-0.12,0.1341640786499874,0.19,0.4636476090008061,-3.141592653589793,0.0,0.0,0.0,0.0,0
353.62,-6.87,96.5,0.06,-0.06,0.0,0.0,0.03,-0.06,0.0670820393249937,0.0848528137423857,0.4636476090008061,-3.141592653589793,0.0,-1.5,3.0,3.3541019662496847,0
353.62,-6.87,96.5,0.06,0.19,-0.06,0.0,0.02,-0.07,0.0728010988928051,0.2080865204668481,0.2782996590051113,-3.141592653589793,0.0,-0.4999999999999999,-0.5000000000000004,0.7071067811865478,0
353.62,-6.87,96.5,0.06,-0.13,0.0,0.0,0.04,-0.11,0.1170469991071962,0.1431782106327635,0.348771003583907,-3.141592653589793,0.0,1.0,-2.0,2.2360679774997894,0
353.62,-6.87,96.5,0.0,-0.13,0.06,0.0,0.06,-0.09,0.1081665382639196,0.1431782106327635,0.5880026035475675,-3.141592653589793,0.0,0.9999999999999998,1.0000000000000002,1.4142135623730951,0
353.62,-6.87,96.5,0.0,-0.06,0.06,-0.03,0.06,-0.13,0.1462873883832779,0.0848528137423857,0.4226202328718413,2.914793805535908,-1.5,0.0,-2.0000000000000004,2.5000000000000004,0
353.62,-6.87,96.5,-0.06,0.0,0.06,0.01,0.06,-0.09,0.1086278049120021,0.0848528137423857,0.5851743969043247,-3.0309354324158977,2.0,0.0,2.0000000000000004,2.8284271247461903,0
353.62,-6.87,96.56,0.31,-0.13,-0.06,-0.01,0.03,-0.11,0.1144552314225959,0.3414674215792774,0.2652092593036508,3.050932766389048,-1.0,-1.5,-1.0000000000000002,2.0615528128088303,0
359.94,-6.56,97.56,0.06,0.19,-0.19,-0.03,0.19,-0.02,0.1933907960581371,0.2753179979587241,1.383260375307403,2.1587989303424644,0.0,0.0,0.0,0.0,0
359.94,-6.56,97.56,-0.13,0.06,-0.06,0.04,0.22,0.02,0.2244994432064364,0.1552417469626002,1.370249968906391,-1.1071487177940904,3.5000000000000004,1.5,2.0,4.301162633521314,0
359.94,-6.56,97.56,-0.06,-0.06,0.06,0.02,0.17,-0.01,0.1714642819948224,0.1039230484541326,1.440013692946979,-2.0344439357957027,-1.0,-2.5,-1.5,3.082207001484488,0
359.94,-6.56,97.56,-0.19,0.0,-0.25,-0.02,0.21,0.06,0.219317121994613,0.3140063693621516,1.2782671246748516,0.3217505543966422,-2.0,1.999999999999999,3.5,4.499999999999999,0
359.94,-6.56,97.56,-0.25,0.19,-0.13,0.01,0.2,0.17,0.2626785107312739,0.3398529093593285,0.8654498658242793,-0.0587558227157226,1.5,-0.499999999999999,5.500000000000001,5.722761571129799,0
359.94,-6.56,97.56,0.19,-0.06,0.0,0.02,0.17,0.07,0.1849324200890693,0.1992485884517127,1.1661830883811102,-0.2782996590051113,0.5,-1.5,-5.0,5.244044240850758,0
359.94,-6.56,97.56,0.06,-0.31,-0.06,0.02,0.24,0.05,0.2459674775249768,0.3214031735997639,1.3500703101964775,-0.3805063771123649,0.0,3.4999999999999987,-1.0000000000000002,3.6400549446402577,0
359.94,-6.56,97.56,0.06,-0.31,-0.06,-0.08,0.24,0.0,0.2529822128134703,0.3214031735997639,1.2490457723982544,1.5707963267948966,-5.0,0.0,-2.5,5.5901699437494745,0
359.94,-6.56,97.56,-0.19,0.06,-0.06,0.03,0.22,-0.02,0.2229349680960795,0.2080865204668481,1.4083517529364564,-2.1587989303424644,5.5,-0.9999999999999994,-1.0,5.678908345800274,0
359.94,-6.56,97.56,-0.06,-0.06,0.13,0.02,0.21,0.04,0.2147091055358388,0.1552417469626002,1.3609719447752833,-0.4636476090008061,-0.4999999999999999,-0.5000000000000004,3.0,3.082207001484488,0
359.94,-6.56,97.56,0.0,-0.19,0.19,0.02,0.17,0.05,0.1783255450012701,0.268700576850888,1.264022095379988,-0.3805063771123649,0.0,-1.999999999999999,0.5000000000000001,2.0615528128088294,0
359.94,-6.56,97.56,-0.13,0.19,0.06,-0.02,0.17,0.04,0.1757839583124694,0.2379075450674063,1.3135577890216177,0.4636476090008061,-2.0,0.0,-0.5000000000000001,2.0615528128088303,0
359.94,-6.56,97.56,0.06,0.0,0.13,0.01,0.19,0.04,0.1944222209522358,0.1431782106327635,1.357104010545573,-0.2449786631268641,1.5,0.9999999999999994,0.0,1.8027756377319943,0
359.94,-6.56,97.56,-0.13,-0.19,0.0,0.0,0.2,0.06,0.208806130178211,0.2302172886644267,1.2793395323170296,-0.0,-0.5,0.5000000000000004,0.9999999999999998,1.224744871391589,0
359.94,-6.56,97.56,0.19,0.06,0.0,0.02,0.19,0.05,0.1974841765813149,0.1992485884517127,1.2946100794964708,-0.3805063771123649,1.0,-0.5000000000000004,-0.4999999999999997,1.2247448713915892,0
359.94,-6.56,97.56,0.0,0.13,0.06,0.0,0.19,0.02,0.191049731745428,0.1431782106327635,1.4659193880646628,-0.0,-1.0,0.0,-1.5,1.8027756377319943,0
359.94,-6.56,97.56,0.0,-0.06,0.0,0.0,0.17,0.06,0.1802775637731994,0.06,1.231503712340852,-0.0,0.0,-0.9999999999999994,2.0,2.236067977499789,0
359.94,-6.56,97.56,-0.06,-0.06,0.06,0.0,0.21,0.03,0.2121320343559642,0.1039230484541326,1.4288992721907328,-0.0,0.0,1.999999999999999,-1.5,2.499999999999999,0
359.94,-6.56,97.56,0.0,-0.19,0.0,0.02,0.24,0.05,0.2459674775249768,0.19,1.3500703101964775,-0.3805063771123649,1.0,1.5,1.0000000000000002,2.0615528128088303,0
359.94,-6.56,97.56,-0.06,0.06,-0.06,0.02,0.18,0.03,0.1835755975068581,0.1039230484541326,1.373104242047419,-0.5880026035475676,0.0,-3.0,-1.0000000000000002,3.1622776601683795,0
359.87,-6.81,97.0,-0.25,-0.37,0.13,0.07,0.17,-0.09,0.2046948949045872,0.4650806381693394,0.9800125245225012,-2.480549484739106,2.5,-0.499999999999999,-6.0,6.519202405202649,0
359.87,-6.81,97.0,0.0,-1.44,-0.13,-0.17,0.1,-0.03,0.1994993734326,1.445856147754679,0.5250481935415869,1.7454685258031364,-12.0,-3.5000000000000004,3.0,12.85496013218244,0
359.75,-6.81,97.0,-0.31,-1.94,-0.19,0.08,0.14,0.05,0.1688194301613413,1.9737781030298207,0.9778331346511312,-1.012197011451334,12.5,2.0000000000000004,4.0,13.275918047351754,0
359.62,-6.81,97.0,-0.44,-2.44,-0.25,-0.07,0.22,0.2,0.3054504869860253,2.4919269652218943,0.8041592642497187,0.3366748193867272,-7.500000000000001,3.999999999999999,7.500000000000001,11.335784048754634,0
359.5,-6.87,96.94,-0.13,-1.69,-0.13,-0.07,0.17,0.2,0.2716615541441225,1.6999705879808626,0.6761293991393396,0.3366748193867272,0.0,-2.5,0.0,2.5,0
359.44,-6.87,96.94,0.06,-0.19,0.06,0.05,0.11,0.23,0.2598076211353316,0.2080865204668481,0.4371842190792515,-0.2140606835638215,6.0,-3.0000000000000004,1.5,6.87386354243376,0
359.44,-6.87,96.87,0.19,0.69,0.06,-0.04,0.16,0.22,0.2749545416973504,0.7181921748390189,0.6210806931724708,0.1798534997924782,-4.5,2.5,-0.5000000000000004,5.172040216394301,0
359.5,-6.87,96.81,0.0,1.25,0.25,0.11,0.21,0.28,0.3668787265568828,1.274754878398196,0.6094251979649035,-0.3743336160075838,7.5,2.5,3.0000000000000013,8.455767262643882,0
359.56,-6.87,96.75,0.31,1.31,0.25,-0.01,0.14,0.24,0.2780287754891569,1.3691968448692833,0.5276970500406132,0.0416425790985884,-6.0,-3.4999999999999987,-2.0000000000000018,7.22841614740048,0
359.69,-6.87,96.69,0.31,1.75,0.19,-0.01,0.2,0.38,0.4295346318982906,1.7873723730661162,0.4843352820538365,0.0263097172529221,0.0,3.0,7.000000000000001,7.615773105863909,0
359.75,-6.81,96.62,0.37,2.12,0.13,0.01,0.15,0.29,0.3266496594212215,2.155968459880617,0.4771029596007202,-0.034469100999508,1.0,-2.500000000000001,-4.500000000000001,5.244044240850759,0
359.56,-7.19,97.19,0.0,-0.06,-0.13,0.12,0.23,0.4,0.4767598976424087,0.1431782106327635,0.5034189317711159,-0.291456794477867,5.5,4.000000000000001,5.500000000000002,8.746427842267952,0
359.56,-7.19,97.12,-0.25,0.06,0.06,-0.06,-0.03,0.48,0.4846648326421053,0.2640075756488817,-0.061938040830118,0.1243549945467614,-9.0,-13.0,3.999999999999998,16.30950643030009,0
359.56,-7.19,97.12,0.31,-0.25,0.0,0.09,0.16,-0.03,0.1860107523773827,0.3982461550347975,1.035593748534437,-1.892546881191539,7.5,9.5,-25.5,28.226760352544886,0
359.56,-7.19,97.12,0.06,-0.06,-0.19,0.14,0.13,0.75,0.7739509028355739,0.2080865204668481,0.1687693497630746,-0.1845427971906145,2.500000000000001,-1.5,39.0,39.10882253405234,0
359.56,-7.19,97.12,-0.06,-0.13,0.06,-0.1,0.11,0.08,0.1688194301613413,0.1552417469626002,0.7096703815307062,0.8960553845713439,-12.0,-1.0000000000000002,-33.5,35.59845502265512,0
359.56,-7.19,97.12,-0.06,0.5,0.0,0.08,0.42,0.53,0.6809552114493287,0.5035871324805669,0.6646461619784572,-0.1498124565728973,9.0,15.5,22.5,28.76629972728505,0
359.56,-7.19,97.06,1.94,-0.69,-0.25,0.0,-0.03,0.1,0.1044030650891055,2.0741745346040674,-0.291456794477867,-0.0,-4.0,-22.5,-21.500000000000004,31.376742979474464,0
359.56,-7.19,97.06,-0.13,-0.75,0.44,0.23,0.26,0.0,0.3471310991541956,0.8792041856133307,0.8465463260467495,-1.5707963267948966,11.5,14.500000000000002,-5.0,19.170289512680814,0
359.5,-7.12,97.06,-0.19,-1.12,0.13,-0.09,0.31,-0.12,0.3443835071544512,1.1434159348198714,1.120135000714263,2.498091544796509,-16.0,2.5,-6.0,17.269916039170543,0
359.5,-7.19,97.06,-1.31,-0.13,-0.13,-0.03,0.3,-0.25,0.3916631205513227,1.3228378585450298,0.8725400819104633,3.0221637275714546,3.0,-0.5000000000000004,-6.5,7.176350047203662,0
359.5,-7.19,97.12,-0.44,0.62,0.37,-0.06,0.12,-0.85,0.8605230967266363,0.8455175929571188,0.1399060295042251,3.071121309010997,-1.5,-9.0,-30.0,31.35681744055031,0
2.37,-6.81,98.44,0.5,1.69,0.13,-0.08,0.32,-0.32,0.4595650117230423,1.767201177002777,0.7702443284143549,2.896613990462929,-1.0000000000000002,10.0,26.5,28.341665441536776,0
2.5,-6.81,98.5,0.56,1.12,0.0,-0.01,0.02,-0.6,0.600416522091123,1.2521980673998825,0.0333163723494414,3.1249275298758525,3.5000000000000004,-15.0,-13.999999999999998,20.81465829649865,0
2.5,-6.81,98.69,-0.06,0.0,-0.19,-0.07,0.19,-0.37,0.4217819341792628,0.1992485884517127,0.4672914213271694,2.9546133836708823,-3.0,8.5,11.499999999999998,14.611639196202455,0
2.44,-6.87,98.75,-0.13,-0.94,-0.19,0.05,0.17,-0.14,0.2258317958127243,0.9677809669548166,0.8522639581024191,-2.79856871316909,6.0,-0.9999999999999994,11.499999999999998,13.009611831257686,0
2.37,-6.87,98.75,-0.19,-1.0,-0.19,-0.01,0.2,0.04,0.2042057785666214,1.03547090736534,1.3674892936520278,0.2449786631268641,-3.0,1.5,9.0,9.604686356149273,0
2.31,-6.87,98.75,0.19,-0.81,-0.06,-0.03,0.16,0.1,0.191049731745428,0.8341462701469091,0.9926522080007878,0.291456794477867,-0.9999999999999998,-2.0000000000000004,3.0,3.7416573867739418,0
2.31,-6.87,98.75,0.0,-0.69,0.0,0.0,0.17,0.05,0.1772004514666935,0.69,1.2847448850775784,-0.0,1.5,0.5000000000000004,-2.5,2.958039891549808,0
2.25,-6.87,98.75,-0.25,-0.37,-0.13,-0.08,0.21,-0.1,0.2459674775249768,0.4650806381693394,1.023186520966271,2.4668517113662407,-4.0,1.999999999999999,-7.500000000000001,8.732124598286491,0
2.25,-6.87,98.75,0.13,-0.25,0.13,0.0,0.2,-0.16,0.2561249694973139,0.310322412983658,0.8960553845713439,-3.141592653589793,4.0,-0.499999999999999,-3.0,5.024937810560445,0
2.25,-6.87,98.81,0.31,-0.56,0.06,0.04,0.14,-0.1,0.1766352173265569,0.6428841264178172,0.9150513915338369,-2.761086276477428,2.0,-3.0,3.0,4.69041575982343,0
2.19,-6.94,98.81,0.06,-1.25,-0.19,-0.06,0.22,-0.18,0.290516780926679,1.2657803916951786,0.8591247547571225,2.819842099193151,-5.0,3.999999999999999,-3.999999999999999,7.549834435270749,0
355.94,-7.12,96.94,0.19,-5.5,-0.44,0.11,0.0,0.25,0.2731300056749532,5.5208423270367,0.0,-0.4145068745847859,8.499999999999998,-11.0,21.5,25.60273422898421,0
355.69,-7.12,96.87,-0.69,-4.62,-0.69,-0.1,0.22,0.09,0.2578759391645525,4.721927572506804,1.0219431818428573,0.8379812250083901,-10.5,11.0,-8.0,17.18284027743958,0
355.44,-7.12,96.81,-0.31,-4.81,-0.88,0.26,-0.07,0.27,0.3813135192987524,4.899653048941322,-0.1846230189763106,-0.7665324773757775,18.0,-14.500000000000002,9.0,24.804233509624925,0
355.25,-7.06,96.75,0.19,-5.12,-0.75,0.1,0.04,0.06,0.1232882800593795,5.178127074531872,0.3304226479114834,-1.0303768265243125,-8.0,5.500000000000001,-10.5,14.300349646075093,0
355.06,-7.06,96.75,0.25,-5.37,-1.75,0.04,0.16,0.75,0.7679192665899196,5.653485650463791,0.2098929863297679,-0.0532828515596923,-3.0,6.0,34.5,35.14612354157995,0
354.81,-7.06,96.69,-1.62,-5.94,-0.5,0.67,0.08,1.21,1.3854241227869537,6.177216201494004,0.0577761884336968,-0.5056940109338174,31.5,-4.0,23.0,39.207779840230685,0
354.37,-7.06,96.62,-0.5,-9.25,-1.62,-0.98,0.27,0.2,1.0360019305001318,9.404089535941266,0.2636615179940523,1.3694792184202558,-82.5,9.5,-50.5,97.19439284238572,0
354.19,-7.06,96.62,-0.44,-0.56,-0.37,0.52,0.15,-0.48,0.7233947746562731,0.8025584090893323,0.2088710903427407,-2.316215803069055,75.0,-6.000000000000001,-33.99999999999999,82.56512580987206,0
354.12,-7.06,96.62,-0.75,-3.12,-0.25,0.08,0.47,-0.17,0.5061620293937505,3.2186021810717773,1.1905046741353995,-2.701750070774057,-22.0,15.999999999999996,15.499999999999996,31.30894440890653,0
353.94,-7.06,96.56,0.37,-2.56,-0.06,0.26,0.1,-0.95,0.99,2.587295885669051,0.101182662843754,-2.874450132724098,9.0,-18.5,-38.99999999999999,44.09365033652804,0
353.87,-7.06,96.62,-0.81,-1.12,-0.5,-0.14,0.07,-0.63,0.6491532946846993,1.469863939281456,0.1080428525657532,2.922923707715851,-20.0,-1.5,15.999999999999996,25.656383221334995,0
352.31,-6.87,96.56,-0.13,-3.62,-0.44,-0.29,0.42,-0.2,0.5481788029466298,3.6489587555904217,0.8728652222803244,2.174545660192333,-7.499999999999998,17.5,21.5,28.71846096154876,0
352.19,-6.87,96.56,-1.19,-2.31,0.13,0.3,0.17,-0.14,0.3721558813185679,2.6017494114537625,0.4743921798155768,-2.007423486608438,29.5,-12.499999999999998,3.0,32.17918581940817,0
352.0,-6.87,96.56,-0.19,-4.12,-0.25,0.0,0.09,0.26,0.2751363298439521,4.131948692808273,0.3332443011116727,-0.0,-15.0,-4.000000000000001,20.0,25.317977802344327,0
351.81,-6.94,96.56,-0.13,-3.69,-0.19,0.0,0.08,0.08,0.1131370849898476,3.697174596905047,0.7853981633974483,-0.0,0.0,-0.4999999999999997,-9.0,9.013878188659971,0
351.56,-6.94,96.56,-0.44,-4.06,-0.56,0.06,0.16,0.07,0.1846618531261938,4.121989810758876,1.0480445204146311,-0.7086262721276702,3.0,4.0,-0.4999999999999997,5.024937810560445,0
351.37,-6.94,96.5,-0.06,-4.87,-0.44,0.17,0.08,-0.31,0.3624913792078372,4.890204494701628,0.2225268842395288,-2.639988599400673,5.500000000000001,-4.0,-19.0,20.180436070610565,0
351.06,-6.94,96.5,-0.25,-6.06,-0.56,0.07,0.21,-0.02,0.2222611077089286,6.090952306495266,1.2370894788431197,-1.849095985800008,-5.0,6.5,14.499999999999998,16.65833124895768,0
350.75,-7.0,96.5,-0.69,-6.31,-0.56,0.12,0.25,0.02,0.2780287754891569,6.372268042071049,1.117909087946342,-1.40564764938027,2.5,2.0000000000000004,2.0,3.774917217635375,0
350.44,-7.0,96.5,-0.13,-5.75,-0.75,0.0,0.04,0.32,0.322490309931942,5.800163790790739,0.1243549945467614,-0.0,-6.0,-10.5,15.0,19.26784886799769,0
350.19,-7.0,96.44,0.13,-6.37,-0.81,0.06,0.04,-0.16,0.1754992877478424,6.422608504338405,0.2299421051869875,-2.782821983319221,3.0,0.0,-24.0,24.186773244895647,0
349.94,-7.0,96.44,-0.81,-3.44,-0.56,-0.12,0.34,0.42,0.5535341001239219,3.57816992329878,0.6614161287095927,0.2782996590051113,-9.0,15.000000000000002,29.0,33.8673884437522,0
345.69,-7.0,96.0,0.0,0.0,-0.06,0.03,0.19,-0.09,0.212367605815953,0.06,1.1077032722808264,-2.819842099193151,7.5,-7.500000000000001,-25.5,27.61792895928296,0
345.62,-7.0,96.0,0.0,0.13,0.0,0.04,0.23,-0.06,0.241039415863879,0.13,1.2669768326247877,-2.5535900500422257,0.5000000000000001,2.0000000000000004,1.5,2.5495097567963927,0
345.62,-7.0,96.0,-0.06,0.0,0.0,0.02,0.19,-0.08,0.2071231517720798,0.06,1.1613180060108224,-2.896613990462929,-1.0,-2.0000000000000004,-1.0000000000000002,2.4494897427831783,0
345.62,-7.0,96.0,0.0,0.06,-0.06,0.04,0.19,-0.06,0.2032240143290157,0.0848528137423857,1.2080585789903668,-2.5535900500422257,1.0,0.0,1.0000000000000002,1.4142135623730951,0
345.62,-7.0,96.06,-0.13,-0.06,0.0,0.01,0.19,-0.06,0.1994993734326,0.1431782106327635,1.260961497097828,-2.976443976175166,-1.5,0.0,0.0,1.5,0
345.62,-7.0,96.06,0.0,-0.06,0.06,0.01,0.21,-0.08,0.2249444375840398,0.0848528137423857,1.2042309908362794,-3.017237659043032,0.0,0.9999999999999994,-1.0000000000000002,1.414213562373095,0
345.62,-7.0,96.06,-0.06,0.19,0.06,-0.01,0.17,-0.07,0.1841195263952197,0.2080865204668481,1.1766201348408063,2.999695598985629,-1.0,-1.999999999999999,0.4999999999999997,2.291287847477919,0
345.62,-7.0,96.06,0.0,0.06,-0.06,0.05,0.21,-0.04,0.2195449840010014,0.0848528137423857,1.274840434378666,-2.2455372690184494,3.0,1.999999999999999,1.5000000000000002,3.905124837953327,0
345.62,-7.0,96.06,-0.13,0.13,-0.19,0.0,0.17,-0.06,0.1802775637731994,0.2643860813280457,1.231503712340852,-3.141592653589793,-2.5,-1.999999999999999,-0.9999999999999998,3.354101966249684,0
345.62,-7.0,96.06,-0.13,0.06,-0.13,0.02,0.21,-0.07,0.2222611077089286,0.1933907960581371,1.2370894788431197,-2.863292994584682,1.0,1.999999999999999,-0.5000000000000004,2.291287847477919,0
345.62,-7.0,96.06,-0.06,0.06,-0.06,0.05,0.19,-0.08,0.2121320343559642,0.1039230484541326,1.1099323212721506,-2.5829933382462307,1.5,-0.9999999999999994,-0.4999999999999997,1.8708286933869704,0
345.62,-7.0,96.06,0.13,0.13,-0.06,0.04,0.19,-0.02,0.1951922129594313,0.1933907960581371,1.339628475324498,-2.0344439357957027,-0.5000000000000001,0.0,3.0,3.0413812651491097,0
0.0,-7.0,96.75,0.0,0.13,0.13,0.01,0.21,0.03,0.212367605815953,0.1838477631085023,1.421334642969628,-0.3217505543966422,0.0,0.0,0.0,0.0,0
0.0,-7.0,96.75,-0.06,0.06,0.19,0.07,0.18,-0.05,0.1994993734326,0.2080865204668481,1.1249788460500307,-2.191045812777718,3.0,-1.5,-4.0,5.220153254455275,0
0.0,-7.0,96.75,0.0,0.19,0.06,0.04,0.19,0.01,0.1944222209522358,0.1992485884517127,1.357104010545573,-1.3258176636680326,-1.5000000000000002,0.5000000000000004,3.0,3.3911649915626345,0
0.0,-7.0,96.75,0.06,0.25,0.13,0.03,0.19,-0.03,0.1946792233393178,0.2880972058177586,1.3511035302828724,-2.356194490192345,-0.5000000000000001,0.0,-2.0,2.0615528128088303,0
0.0,-7.0,96.75,0.13,-0.13,0.13,0.05,0.23,0.06,0.2428991560298224,0.225166604983954,1.2434378683223652,-0.6947382761967033,1.0000000000000002,2.0000000000000004,4.5,5.024937810560445,0
0.0,-7.0,96.75,-0.06,-0.31,0.06,0.03,0.19,0.01,0.1926136028425822,0.3214031735997639,1.40587241488562,-1.2490457723982544,-1.0000000000000002,-2.0000000000000004,-2.5,3.3541019662496847,0
0.0,-7.0,96.75,0.19,-0.19,0.0,0.02,0.17,0.0,0.1711724276862369,0.268700576850888,1.4536875822280324,-1.5707963267948966,-0.4999999999999999,-0.9999999999999994,-0.5,1.2247448713915885,0
0.0,-7.0,96.75,0.06,-0.06,0.0,0.02,0.21,0.0,0.2109502310972898,0.0848528137423857,1.4758446204521405,-1.5707963267948966,0.0,1.999999999999999,0.0,1.999999999999999,0
0.0,-7.0,96.75,0.25,0.19,0.0,0.03,0.18,0.05,0.189208879284245,0.3140063693621516,1.2575218563356343,-0.5404195002705842,0.4999999999999999,-1.5,2.5,2.958039891549808,0
0.0,-7.0,96.75,0.06,0.44,0.0,0.0,0.18,0.01,0.1802775637731994,0.4440720662234903,1.5152978215491797,-0.0,-1.5,0.0,-2.0,2.5,0
0.0,-7.0,96.75,0.19,0.19,-0.06,0.04,0.19,0.1,0.2184032966784155,0.2753179979587241,1.0551014036954756,-0.3805063771123649,2.0,0.5000000000000004,4.5,4.949747468305833,0
0.0,-7.0,96.75,0.0,0.37,0.0,0.07,0.19,0.08,0.2177154105707724,0.37,1.0607029166518098,-0.7188299996216245,1.5000000000000002,0.0,-1.0000000000000002,1.802775637731995,0
0.0,-7.0,96.75,-0.06,-0.13,-0.06,0.06,0.19,0.1,0.2229349680960795,0.1552417469626002,1.020302837349616,-0.5404195002705842,-0.5000000000000004,0.0,1.0000000000000002,1.1180339887498951,0
0.0,-7.0,96.75,-0.13,-0.06,-0.06,0.02,0.22,0.01,0.2211334438749598,0.1552417469626002,1.4695047178610432,-1.1071487177940904,-2.0,1.5,-4.5,5.1478150704935,0
0.0,-7.0,96.75,0.0,0.13,-0.13,0.0,0.2,0.0,0.2,0.1838477631085023,1.5707963267948966,-0.0,-1.0,-0.9999999999999994,-0.5,1.4999999999999998,0
0.0,-7.0,96.75,0.19,0.06,0.13,0.02,0.16,-0.01,0.1615549442140351,0.2379075450674063,1.4319414207133494,-2.0344439357957027,1.0,-2.0000000000000004,-0.5,2.2912878474779204,0
0.0,-7.0,96.75,0.06,0.31,-0.06,0.04,0.21,0.0,0.2137755832643194,0.3214031735997639,1.382574821490126,-1.5707963267948966,1.0,2.5,0.5,2.73861278752583,0
0.0,-7.0,96.75,0.13,0.19,-0.06,0.04,0.16,0.0,0.1649242250247064,0.2379075450674063,1.3258176636680326,-1.5707963267948966,0.0,-2.5,0.0,2.5,0
0.0,-7.0,96.75,-0.06,-0.06,0.0,0.08,0.21,-0.02,0.2256102834535695,0.0848528137423857,1.1966190149916855,-1.8157749899217608,2.0,2.5,-1.0,3.3541019662496843,0
0.0,-7.0,96.75,0.19,-0.13,0.0,0.0,0.18,0.01,0.1802775637731994,0.2302172886644267,1.5152978215491797,-0.0,-4.0,-1.5,1.5,4.527692569068709,0
0.0,-7.0,96.75,0.06,0.37,0.13,0.02,0.19,0.06,0.2002498439450078,0.3967366884975474,1.2494616306279485,-0.3217505543966422,1.0,0.5000000000000004,2.5,2.73861278752583,0
359.25,-7.06,96.75,0.06,-0.75,-0.06,-0.07,0.17,0.32,0.3690528417449187,0.7547847375245476,0.4787145902197645,0.215357699697738,-4.5,-0.9999999999999994,13.0,13.793114224133722,0
359.25,-7.0,96.69,0.13,-0.5,0.06,0.04,0.11,0.28,0.3034798181098704,0.5200961449578337,0.3709085230334604,-0.1418970546041639,5.500000000000001,-3.0000000000000004,-1.999999999999999,6.576473218982954,0
359.25,-7.0,96.62,0.0,-0.06,0.0,-0.03,0.16,0.28,0.323882694814033,0.06,0.5166912389352057,0.1067356726491356,-3.5000000000000004,2.5,0.0,4.301162633521314,0
359.25,-7.06,96.56,0.37,0.88,0.25,0.09,0.17,0.32,0.3733630940518894,0.9868130522039116,0.4727325499358685,-0.2741674511196588,6.0,0.5000000000000004,1.999999999999999,6.344288770224759,0
359.31,-7.0,96.44,0.44,0.69,0.25,0.0,0.12,0.31,0.3324154027718932,0.8556868586112562,0.3693336576736256,-0.0,-4.5,-2.500000000000001,-0.5000000000000004,5.172040216394301,0
359.37,-7.0,96.37,0.44,0.62,0.13,0.08,0.11,0.38,0.4036087214122112,0.7712976079309465,0.2760332180870798,-0.2074962264352026,4.0,-0.4999999999999997,3.5000000000000004,5.338539126015656,0
359.44,-7.0,96.25,0.37,0.5,0.13,0.02,0.13,0.39,0.4115823125451335,0.6354525946126902,0.3213568017863722,-0.0512371674034188,-3.0,1.0000000000000002,0.5000000000000004,3.2015621187164243,0
359.5,-6.94,96.12,0.13,0.69,0.06,0.05,0.16,0.4,0.4337049688440288,0.7046985170979146,0.3778407430647423,-0.1243549945467614,1.5,1.5,0.5000000000000004,2.179449471770337,0
359.5,-7.0,96.0,0.13,0.75,0.06,0.04,0.12,0.45,0.4674398357008097,0.763544366752843,0.2596243712497767,-0.0886558818674374,-0.5000000000000001,-2.0000000000000004,2.5,3.24037034920393,0
359.56,-6.94,95.75,-0.06,0.56,0.0,0.06,0.12,0.46,0.4791659420284376,0.563205113613149,0.2531297139352681,-0.1297025371559121,0.9999999999999998,0.0,0.5000000000000004,1.118033988749895,0
359.56,-6.94,95.62,0.0,0.37,0.0,0.03,0.13,0.48,0.498196748283246,0.37,0.2639969338344674,-0.0624188099959573,-1.5,0.5000000000000004,0.999999999999998,1.8708286933869696,0
356.44,-7.31,96.94,-1.44,1.12,0.5,-0.11,0.42,0.05,0.4370354676682431,1.8915602025841,1.290669568098772,1.1441688336680205,-7.000000000000001,14.499999999999998,-21.5,26.860752037126584,0
356.5,-7.25,96.94,1.0,1.12,0.5,0.29,-0.12,0.89,0.943716058992322,1.582529620575868,-0.1275020724100459,-0.3149939004608569,20.0,-27.0,42.0,53.786615435440815,0
356.62,-7.31,96.87,3.12,2.94,-0.94,-0.46,-0.14,-0.5,0.693685807840985,4.388803937293167,-0.2032162899707124,2.397837069290933,-37.5,-1.0000000000000009,-69.5,78.97784499465656,0
356.81,-7.25,96.94,-0.19,5.06,0.31,0.0,0.35,0.25,0.4301162633521313,5.073046422022964,0.9505468408120752,-0.0,23.0,24.5,37.5,50.35374861914453,0
357.12,-7.19,97.0,0.81,5.37,0.13,0.28,0.27,0.09,0.3992492955535426,5.432301538022351,0.7426862610378193,-1.2597980461893556,14.000000000000002,-3.999999999999998,-8.0,16.61324772583615,0
357.37,-7.19,97.0,0.31,4.12,0.56,0.32,0.14,0.1,0.363318042491699,4.1694244207084505,0.3955733415297264,-1.2679114584199251,1.999999999999999,-6.5,0.5000000000000004,6.819090848492928,0
357.56,-7.12,96.94,0.37,1.25,0.37,0.15,0.14,0.13,0.2428991560298223,1.355101472215273,0.6142807131868354,-0.8567056281827387,-8.5,0.0,1.5,8.631338250816034,0
357.62,-7.12,96.94,0.56,1.37,0.25,-0.02,0.19,0.1,0.2156385865284782,1.500999666888704,1.078191360946396,0.1973955598498807,-8.499999999999998,2.5,-1.5,8.986100377805712,0
357.75,-7.12,96.94,1.56,1.19,0.5,0.01,-0.13,-0.38,0.4017461885320133,2.0247715920567435,-0.3295184123566055,-3.115282936336872,1.5,-16.0,-24.0,28.88338622807236,0
357.75,-7.12,97.0,0.06,0.0,0.13,0.03,0.63,0.0,0.6307138812488592,0.1431782106327635,1.5232132235179132,-1.5707963267948966,0.9999999999999998,38.0,19.0,42.49705872175156,0
357.75,-7.12,97.0,-1.31,0.62,1.0,0.18,0.91,-0.05,0.9289779329994874,1.7608236708995026,1.3683178419962767,-1.8417431771333173,7.5,14.000000000000002,-2.5,16.077935190813527,0
2.31,-6.94,99.94,-0.06,3.0,0.75,-0.04,0.04,-0.22,0.2271563338320109,3.092911249939125,0.1770131455190035,2.961739153797315,-11.0,-43.5,-8.499999999999998,45.66727493512176,0
2.37,-6.94,100.0,0.06,3.5,0.44,-0.16,-0.01,-0.26,0.3054504869860253,3.528058956423489,-0.0327443813008588,2.5899376710612465,-6.0,-2.5,-2.0000000000000004,6.800735254367722,0
2.56,-7.0,100.12,0.13,3.75,0.56,-0.1,-0.04,-0.28,0.3,3.793810749101752,-0.1337315894099415,2.79856871316909,3.0,-1.5,-1.0000000000000009,3.5000000000000004,0
2.75,-6.94,100.19,0.37,3.12,0.37,-0.03,0.04,-0.11,0.1208304597359457,3.163573928328529,0.3374080009716226,2.875340604438868,3.5000000000000004,4.0,8.500000000000002,10.024968827881713,0
2.87,-6.94,100.19,-0.06,1.31,-0.06,0.14,-0.03,-0.02,0.1445683229480096,1.3127452151883854,-0.20903329903452,-1.7126933813990606,8.5,-3.5000000000000004,4.5,10.23474474522936,0
2.87,-6.94,100.19,-0.06,-1.12,-0.5,-0.11,-0.03,-0.18,0.2130727575266251,1.2280065146407002,-0.1412663640316737,2.593043251139265,-12.5,0.0,-8.0,14.84082207965583,0
2.81,-6.94,100.19,0.13,-1.69,-0.56,-0.07,-0.09,-0.04,0.1208304597359457,1.7851050389262813,-0.8403029591158971,2.08994244104142,2.0,-3.0,6.999999999999999,7.87400787401181,0
2.75,-6.94,100.19,-0.81,-1.25,-0.75,-0.26,0.01,0.7,0.7467931440499437,1.667663035508073,0.0133909891249616,0.3556358843007598,-9.5,4.999999999999999,37.0,38.52596527019148,0
2.69,-6.94,100.19,0.75,-2.25,-0.37,0.31,-0.3,0.56,0.7068946173228369,2.4003958006962103,-0.4382896548848985,-0.5055810548742051,28.500000000000004,-15.5,-6.999999999999995,33.18885355055218,0
2.5,-6.94,100.19,0.62,-3.87,-0.31,-0.03,-0.14,0.34,0.3689173349139343,3.9315900091438833,-0.3892437120401582,0.0880073735277407,-16.999999999999996,7.999999999999998,-11.000000000000002,21.77154105707724,0
2.25,-6.94,100.19,-0.81,-5.37,-0.94,0.2,0.13,0.1,0.2586503431275513,5.511497074298416,0.5266140617539863,-1.1071487177940904,11.5,13.5,-12.0,21.412613105363857,0
345.81,-6.87,96.44,-0.88,-3.25,-0.19,0.15,0.07,0.27,0.3167017524422623,3.372387878047245,0.2228685605325211,-0.507098504392337,-2.500000000000001,-3.0,8.5,9.354143466934854,0
345.62,-6.87,96.37,0.56,-4.06,0.13,0.01,-0.19,0.36,0.4071854614300466,4.100499969515912,-0.485462915006582,-0.027770636593421,-6.999999999999999,-13.0,4.499999999999998,15.435349040433133,0
345.44,-6.87,96.19,-0.31,-4.69,-0.25,-0.04,-0.21,0.59,0.6275348595894892,4.706877946154967,-0.3412261121515468,0.0676930226939686,-2.5,-0.9999999999999994,11.499999999999998,11.811011811017716,0
345.06,-6.87,96.12,-0.56,-8.31,-1.62,-0.39,0.18,-0.25,0.4969909455915671,8.484933706281977,0.3706052281590838,2.140836790494607,-17.5,19.5,-42.0,49.502525188115406,0
344.87,-6.87,96.12,-1.06,-0.56,-0.5,0.0,0.05,-0.83,0.8315046602394961,1.2989226304903616,0.0601682511550097,-3.141592653589793,19.5,-6.5,-29.0,35.54574517435244,0
344.87,-6.87,96.12,1.0,-0.44,-0.19,-0.09,0.06,-0.38,0.3950949253027682,1.1089183919477574,0.152452092646566,2.909035711784884,-4.5,0.4999999999999997,22.5,22.951034835057,0
344.81,-6.87,96.12,-1.19,-2.0,-0.88,-0.18,-0.01,-0.45,0.4847679857416329,2.4880715423797604,-0.0206298882142574,2.761086276477428,-4.5,-3.5,-3.5000000000000004,6.689544080129826,0
344.81,-6.87,96.25,-0.31,0.0,-0.44,0.11,0.1,-0.61,0.6278534860936905,0.5382378656319156,0.1599540339654126,-2.963182154238753,14.499999999999998,5.5,-7.999999999999998,17.449928366615143,0
344.81,-6.87,96.5,-0.25,0.75,-0.06,-0.12,0.09,-0.38,0.4085339643163099,0.792842985716592,0.2221219346531406,2.835713782184941,-11.499999999999998,-0.5000000000000004,11.499999999999998,16.27114009527298,0
344.87,-6.87,96.56,0.06,2.19,0.37,0.27,-0.22,0.05,0.3518522417151836,2.22184607927732,-0.6754678026046178,-1.3876855095324123,19.5,-15.5,21.5,32.90516676754579,0
345.0,-6.87,96.56,0.13,1.37,0.44,0.16,-0.03,0.17,0.2353720459187964,1.4447837208385206,-0.127805436437634,-0.7551044034786731,-5.500000000000001,9.5,6.0,12.509996003196804,0
338.37,-7.06,95.5,-0.25,-2.5,-0.31,0.0,0.02,0.25,0.250798724079689,2.5315212817592507,0.0798299857122373,-0.0,-8.0,2.5,3.999999999999999,9.287087810503357,0
338.25,-7.06,95.44,-0.56,-2.06,-0.31,-0.01,-0.07,0.09,0.1144552314225959,2.157150898755115,-0.6580722923530028,0.1106572211738956,-0.5,-4.5,-8.0,9.192388155425116,0
338.12,-7.06,95.44,-0.44,-2.0,-0.31,0.13,0.02,0.23,0.2649528259898354,2.07115909577222,0.0755570058340072,-0.5144513130590278,7.000000000000001,4.5,7.000000000000001,10.874281585465774,0
338.06,-7.06,95.37,-0.25,-2.12,-0.25,0.0,0.0,0.11,0.11,2.149278948857035,0.0,-0.0,-6.5,-1.0,-6.0,8.902246907382429,0
337.94,-7.06,95.37,-0.31,-1.75,-0.19,0.06,-0.01,0.13,0.1435270009440732,1.7873723730661162,-0.069729794909442,-0.4324077755705378,3.0,-0.5,1.0000000000000002,3.2015621187164243,0
337.87,-7.06,95.31,-0.37,-1.56,-0.19,-0.04,0.0,0.12,0.1264911064067351,1.6144968256394931,0.0,0.3217505543966422,-5.0,0.5,-0.5000000000000004,5.049752469181039,0
337.75,-7.06,95.31,0.0,-1.56,-0.25,0.08,-0.04,0.14,0.1661324772583615,1.5799050604387594,-0.2431608692238309,-0.5191461142465229,6.0,-2.0,1.0000000000000009,6.4031242374328485,0
337.69,-7.06,95.31,-0.31,-1.44,-0.19,0.03,0.0,0.06,0.0670820393249937,1.4851935900750446,0.0,-0.4636476090008061,-2.5,2.0,-4.000000000000001,5.1234753829798,0
337.62,-7.06,95.25,-0.19,-1.5,-0.13,0.0,-0.01,0.09,0.0905538513813741,1.517563837207516,-0.1106572211738956,-0.0,-1.5,-0.5,1.5,2.179449471770337,0
337.5,-7.12,95.25,-0.44,-1.37,-0.25,0.0,0.01,0.09,0.0905538513813741,1.4604793733565702,0.1106572211738956,-0.0,0.0,1.0,0.0,1.0,0
337.44,-7.12,95.25,-0.56,-1.62,-0.37,-0.05,0.02,0.17,0.1783255450012701,1.7535392781457737,0.1123908963561067,0.2860514417173182,-2.5,0.5,4.000000000000001,4.74341649025257,0
337.5,-7.06,96.06,-0.13,-0.13,0.0,0.0,0.01,-0.08,0.0806225774829855,0.1838477631085023,0.1243549945467614,-3.141592653589793,2.5,-0.5,-12.5,12.757350822173072,0
337.5,-7.06,96.06,0.06,-0.06,0.06,0.0,0.0,-0.09,0.09,0.1039230484541326,0.0,-3.141592653589793,0.0,-0.5,-0.4999999999999997,0.7071067811865474,0
353.06,-7.06,92.25,0.06,4.44,0.25,0.14,0.24,-0.14,0.3111269837220809,4.447437464428252,0.8810213260093969,-2.356194490192345,15.000000000000002,3.0,-12.5,19.75474626513841,0
353.31,-7.06,92.31,0.13,5.81,0.56,-0.06,0.38,-0.09,0.3950949253027682,5.838373061050484,1.293482030458108,2.5535900500422257,-10.0,7.000000000000001,2.500000000000001,12.459935794377111,0
353.62,-7.06,92.31,0.44,6.25,0.69,0.1,0.32,0.01,0.3354101966249684,6.3033483165695365,1.2664921426622615,-1.4711276743037347,8.0,-3.0,4.999999999999999,9.899494936611664,0
353.94,-7.06,92.37,0.5,5.69,0.31,0.0,0.12,-0.14,0.1843908891458577,5.720332158188019,0.7086262721276702,-3.141592653589793,-5.0,-10.0,-7.500000000000001,13.46291201783626,0
354.19,-7.06,92.44,0.31,5.25,0.37,0.0,0.17,-0.17,0.2404163056034262,5.272143776491684,0.7853981633974483,-3.141592653589793,0.0,2.500000000000001,-1.5,2.915475947422651,0
358.87,-7.0,92.81,0.13,-1.25,-0.13,0.02,0.1,-0.21,0.233452350598575,1.2634476641317598,0.4426692319491571,-3.046640947247037,1.0,-3.5000000000000004,-1.999999999999999,4.153311931459037,0
358.81,-7.0,92.81,0.25,-0.81,-0.19,0.01,0.0,-0.3,0.3001666203960726,0.8687347120957007,0.0,-3.108271657711546,-0.5,-5.0,-4.5,6.745368781616021,0
358.75,-7.0,92.87,-0.06,-0.69,-0.06,0.06,0.13,-0.35,0.3781534080237807,0.695197813575388,0.3509348451065948,-2.971814379621455,2.5,6.5,-2.5,7.399324293474371,0
358.75,-7.0,92.94,-0.5,-1.06,-0.37,0.12,0.0,-0.08,0.1442220510185595,1.2290240030202828,0.0,-2.1587989303424644,3.0,-6.5,13.499999999999998,15.280706789936124,0
358.69,-7.0,92.87,-0.06,-1.5,-0.31,0.02,0.32,-0.06,0.3261901286060018,1.5328731193415843,1.375668758888862,-2.819842099193151,-4.999999999999999,16.0,1.0000000000000002,16.792855623746664,0
358.62,-7.0,92.94,0.06,-1.69,0.0,0.09,0.12,-0.09,0.174928556845359,1.6910647533432892,0.7559694104239078,-2.356194490192345,3.5,-10.0,-1.5,10.700467279516348,0
358.5,-7.0,92.94,0.06,-2.0,-0.44,0.04,0.05,0.09,0.1104536101718726,2.04870690924788,0.4697672159266982,-0.4182243295792291,-2.5,-3.5,9.0,9.974968671630002,0
358.37,-7.0,92.94,-0.13,-2.31,-0.31,0.07,0.04,-0.15,0.170293863659264,2.334330739205565,0.2371034331460683,-2.704965493776252,1.5000000000000002,-0.5000000000000001,-12.0,12.103718436910205,0
358.31,-7.0,92.94,-0.37,-2.56,-0.44,0.01,0.26,-0.2,0.3281767816284388,2.6237568484903475,0.9144972687219513,-3.0916342578678506,-3.0,11.0,-2.500000000000001,11.672617529928752,0
358.19,-7.0,92.94,-0.19,-2.12,-0.69,0.1,-0.16,-0.13,0.229128784747792,2.2375432956705,-0.7730159454331311,-2.485897027348257,4.5,-21.0,3.5000000000000004,21.760055146988943,0
358.06,-7.0,92.87,0.0,-3.06,-0.37,-0.07,0.32,0.02,0.3281767816284388,3.0822881111278355,1.347100361201215,1.2924966677897851,-8.5,24.0,7.5,26.542418879974,0
338.25,-7.0,90.81,-0.25,-3.31,0.0,0.02,0.05,0.03,0.0616441400296897,3.3194276615103395,0.9460424580298537,-0.5880026035475676,4.5,-13.5,0.4999999999999999,14.239030865898142,0
338.12,-7.0,90.81,-0.13,-3.37,0.06,0.1,0.08,0.04,0.1341640786499874,3.3730401717145324,0.6388651442354111,-1.1902899496825317,4.0,1.5,0.5000000000000001,4.301162633521313,0
337.94,-7.0,90.81,-0.31,-3.12,0.06,-0.09,0.07,0.06,0.1288409872672512,3.135936861609302,0.574369257148682,0.982793723247329,-9.5,-0.4999999999999997,0.9999999999999998,9.565563234854496,0
337.81,-7.0,90.75,-0.06,-2.0,0.0,0.12,0.04,0.12,0.1743559577416269,2.0008997975910736,0.2314773639701783,-0.7853981633974483,10.5,-1.5000000000000002,3.0,11.0227038425243,0
337.75,-7.0,90.75,0.06,-2.06,-0.06,0.0,0.05,-0.03,0.058309518948453,2.0617468321789656,1.0303768265243125,-3.141592653589793,-6.0,0.5000000000000001,-7.5,9.617692030835672,0
337.62,-7.0,90.75,-0.19,-1.87,0.0,0.03,0.04,0.08,0.094339811320566,1.8796276226955169,0.4378564990617796,-0.3587706702705722,1.5,-0.5000000000000001,5.5,5.722761571129799,0
337.56,-7.0,90.75,-0.06,-1.31,-0.13,0.05,0.06,0.05,0.092736184954957,1.3178011989674316,0.7036389513047352,-0.7853981633974483,1.0000000000000002,0.9999999999999998,-1.5,2.0615528128088303,0
337.5,-7.0,90.75,-0.06,-1.19,0.0,0.04,0.03,0.02,0.053851648071345,1.1915116449284078,0.5908727501454191,-1.1071487177940904,-0.5000000000000001,-1.5,-1.5,2.179449471770337,0
337.44,-7.0,90.75,-0.13,-1.06,0.0,-0.01,0.08,0.0,0.0806225774829855,1.0679419459877022,1.446441332248135,1.5707963267948966,-2.5,2.5,-1.0,3.6742346141747673,0
337.44,-7.0,90.69,-0.13,-0.5,-0.06,0.0,0.06,-0.06,0.0848528137423857,0.5200961449578337,0.7853981633974483,-3.141592653589793,0.5,-1.0000000000000002,-3.0,3.2015621187164243,0
337.44,-7.0,90.69,0.0,-0.06,0.13,0.03,0.05,-0.07,0.091104335791443,0.1431782106327635,0.5809535541451197,-2.7367008673047097,1.5,-0.4999999999999997,-0.5000000000000004,1.6583123951777,0
337.44,-6.94,91.62,0.06,-0.06,-0.06,0.01,0.07,-0.11,0.1307669683062202,0.1039230484541326,0.5648668792876635,-3.050932766389048,-0.9999999999999998,1.0000000000000002,-2.0,2.449489742783178,0
337.44,-6.94,91.62,0.0,-0.13,0.0,0.01,0.05,-0.14,0.1489966442575134,0.13,0.3422187724218533,-3.070285188804503,0.0,-1.0000000000000002,-1.5000000000000009,1.802775637731996,0
337.44,-6.94,91.62,0.13,-0.37,-0.06,0.0,0.07,-0.06,0.0921954445729288,0.3967366884975474,0.8621700546672264,-3.141592653589793,-0.5,1.0000000000000002,4.000000000000001,4.153311931459038,0
337.44,-6.94,91.62,-0.06,-0.13,0.06,0.01,0.06,-0.13,0.1435270009440732,0.1552417469626002,0.4312864636835114,-3.064820762320015,0.5,-0.5000000000000004,-3.5000000000000004,3.5707142142714257,0
337.44,-6.94,91.62,-0.13,0.06,-0.06,0.01,0.07,-0.14,0.1568438714135812,0.1552417469626002,0.4626305723645086,-3.070285188804503,0.0,0.5000000000000004,-0.5000000000000004,0.7071067811865481,0
337.44,-6.94,91.62,-0.06,0.19,-0.06,0.0,0.08,-0.16,0.1788854381999831,0.2080865204668481,0.4636476090008061,-3.141592653589793,-0.5,0.4999999999999997,-0.9999999999999994,1.2247448713915885,0
337.44,-6.94,91.62,0.13,0.37,0.0,0.04,0.07,-0.14,0.1615549442140351,0.3921734310225515,0.4481390805593536,-2.863292994584682,2.0,-0.4999999999999997,0.9999999999999994,2.29128784747792,0
337.44,-6.94,91.62,-0.06,0.25,0.0,0.01,0.04,-0.13,0.1363818169698585,0.2570992026436488,0.2976707924097559,-3.064820762320015,-1.5,-1.5000000000000002,0.5000000000000004,2.179449471770337,0
337.44,-6.94,91.62,-0.13,-0.06,0.06,0.02,0.05,-0.1,0.1135781669160054,0.1552417469626002,0.4558497508937679,-2.9441970937399127,0.5,0.5000000000000001,1.5,1.6583123951777,0
337.44,-6.94,91.62,-0.06,-0.06,0.13,-0.01,0.07,-0.13,0.1479864858694874,0.1552417469626002,0.4927110053290373,3.064820762320015,-1.5,1.0000000000000002,-1.5,2.345207879911715,0
337.44,-6.94,91.62,-0.19,-0.06,0.0,0.0,0.05,-0.13,0.1392838827718412,0.1992485884517127,0.3671738338182192,-3.141592653589793,0.5,-1.0000000000000002,0.0,1.1180339887498951,0
337.44,-6.94,91.81,0.0,0.19,0.13,0.02,0.07,-0.09,0.1157583690279022,0.2302172886644267,0.6493990600190357,-2.922923707715851,1.0,1.0000000000000002,2.0000000000000004,2.4494897427831783,0
337.44,-6.94,91.81,-0.06,0.31,-0.06,0.01,0.07,-0.05,0.0866025403784438,0.3214031735997639,0.9412426501133474,-2.9441970937399127,-0.5,0.0,2.0,2.06155281280883,0
337.44,-6.94,91.81,0.06,0.06,0.06,0.0,0.06,-0.06,0.0848528137423857,0.1039230484541326,0.7853981633974483,-3.141592653589793,-0.5,-0.5000000000000004,-0.4999999999999997,0.8660254037844388,0
337.44,-6.94,91.81,-0.06,-0.06,0.06,0.01,0.04,-0.02,0.0458257569495584,0.1039230484541326,1.0610566479633896,-2.677945044588987,0.5,-0.9999999999999998,2.0,2.2912878474779195,0
337.44,-6.94,91.81,-0.13,0.13,0.06,-0.02,0.08,-0.03,0.0877496438739212,0.1933907960581371,1.1473654948724756,2.5535900500422257,-1.5,2.0,-0.4999999999999999,2.549509756796392,0
337.44,-6.94,91.81,-0.06,-0.13,0.06,0.01,0.07,-0.06,0.092736184954957,0.1552417469626002,0.8553940072746847,-2.976443976175166,1.5,-0.4999999999999997,-1.5,2.179449471770337,0
337.44,-6.94,91.81,0.06,0.25,-0.06,0.0,0.03,-0.09,0.0948683298050513,0.2640075756488817,0.3217505543966422,-3.141592653589793,-0.5,-2.0000000000000004,-1.5,2.5495097567963927,0
337.44,-6.94,91.81,0.13,0.19,-0.06,0.02,0.05,-0.1,0.1135781669160054,0.2379075450674063,0.4558497508937679,-2.9441970937399127,1.0,1.0000000000000002,-0.5000000000000004,1.5000000000000002,0
337.44,-6.94,91.81,0.0,0.06,0.0,0.02,0.05,-0.09,0.1048808848170151,0.06,0.4969324907792199,-2.922923707715851,0.0,0.0,0.5000000000000004,0.5000000000000004,0
337.44,-6.94,91.81,0.13,-0.19,0.0,0.02,0.05,-0.08,0.0964365076099295,0.2302172886644267,0.545067543211281,-2.896613990462929,0.0,0.0,0.4999999999999997,0.4999999999999997,0
337.44,-6.94,91.81,0.0,-0.06,-0.06,0.01,0.05,-0.09,0.103440804327886,0.0848528137423857,0.5044982315779147,-3.0309354324158977,-0.5,0.0,-0.4999999999999997,0.7071067811865474,0
337.44,-6.94,91.94,-0.19,-0.06,0.0,0.0,0.05,-0.06,0.0781024967590665,0.1992485884517127,0.6947382761967033,-3.141592653589793,-0.5,0.0,1.5,1.5811388300841898,0
356.94,-7.06,91.06,-0.31,-4.81,0.06,0.09,0.22,0.36,0.4313930922024598,4.820352684192309,0.5351565561350283,-0.2449786631268641,7.5,-10.5,18.0,22.147234590350106,0
356.75,-7.06,91.0,-0.31,-4.81,-0.19,-0.1,0.14,0.24,0.295296461204668,4.823722628841754,0.4939413689195812,0.3947911196997615,-9.5,-3.999999999999999,-6.0,11.926860441876563,0
356.5,-7.06,90.94,-0.62,-4.5,-0.13,-0.02,0.32,0.31,0.4459820624195552,4.544370143375207,0.8002319129702119,0.0644268394255535,4.0,9.0,3.5000000000000004,10.452272480183437,0
357.94,-7.19,93.81,0.0,-1.12,0.0,0.03,0.22,-0.36,0.422965719651132,1.12,0.5470110152206441,-3.058451421701352,2.5,-5.0,-33.49999999999999,33.96321539548338,0
357.87,-7.19,94.0,-0.19,-2.0,0.06,0.01,0.17,-0.61,0.6333245613427605,2.009900495049444,0.2717574161481699,-3.125200679281788,-0.9999999999999998,-2.5,-12.5,12.78671185254442,0
357.75,-7.19,94.25,-0.56,-2.31,-0.13,-0.08,0.19,-0.54,0.578013840664737,2.380462140005591,0.334939308848737,2.994514298201391,-4.5,0.9999999999999994,3.4999999999999973,5.787918451395112,0
357.62,-7.25,94.44,-0.31,-1.75,-0.37,-0.03,0.18,-0.52,0.5510898293381942,1.8153512056899623,0.3327310611823927,3.0839642261123195,2.5,-0.5000000000000004,1.0000000000000009,2.738612787525831,0
357.5,-7.31,94.69,-0.25,-0.37,-0.13,0.19,0.21,-0.12,0.3075711299845939,0.4650806381693394,0.7515456677327659,-2.134112588286865,11.0,1.5,20.0,22.874658467395747,0
357.5,-7.31,94.69,0.06,-0.37,-0.19,0.03,0.24,-0.01,0.2420743687382041,0.4202380277890138,1.4397894210848192,-1.892546881191539,-8.0,1.5,5.5,9.82344135219425,0
357.5,-7.25,94.69,0.25,0.19,0.13,0.06,0.19,-0.01,0.1994993734326,0.3398529093593285,1.260961497097828,-1.7359450042095237,1.5,-2.5,0.0,2.91547594742265,0
357.5,-7.25,94.69,0.25,0.88,0.06,-0.06,0.19,0.02,0.2002498439450078,0.9167878707749136,1.2494616306279485,1.2490457723982544,-6.0,0.0,1.5,6.18465843842649,0
357.56,-7.25,94.69,0.37,1.06,0.25,0.04,0.19,0.02,0.1951922129594313,1.150217370760849,1.339628475324498,-1.1071487177940904,5.0,0.0,0.0,5.0,0
357.62,-7.25,94.69,0.44,1.31,0.13,-0.04,0.17,0.0,0.1746424919657298,1.3880201727640704,1.3397056595989996,1.5707963267948966,-4.0,-0.9999999999999994,-1.0,4.242640687119285,0
357.69,-7.25,94.69,0.37,1.56,0.06,0.08,0.17,0.03,0.1902629759044045,1.604400199451496,1.105080098074415,-1.2120256565243244,6.0,0.0,1.5,6.18465843842649,0
359.19,-7.0,92.25,0.06,1.56,0.31,0.19,0.22,0.34,0.4473253849269008,1.5916343801262902,0.514169633519523,-0.5095922648089258,5.5,2.5,15.500000000000002,16.63580475961413,0
359.19,-6.94,92.25,-0.37,0.0,0.13,-0.04,0.36,0.28,0.4578209256903839,0.3921734310225515,0.9048518739413056,0.1418970546041639,-11.5,6.999999999999999,-3.0,13.793114224133722,0
359.19,-7.0,92.19,-1.0,0.37,0.56,-0.01,0.33,0.26,0.4202380277890139,1.2043670536842164,0.9031308709997206,0.0384425900211879,1.5,-1.4999999999999984,-1.0000000000000009,2.3452078799117144,0
359.19,-7.0,92.19,-0.62,0.13,0.25,-0.05,0.33,0.48,0.5846366392897386,0.6810286337592569,0.5997706436335369,0.1037923404570428,-2.0,0.0,10.999999999999998,11.180339887498947,0
359.19,-7.0,92.12,0.06,0.62,0.69,0.23,0.11,0.28,0.3786819245752298,0.9295697929687688,0.2947297389538881,-0.6876712560387296,14.000000000000002,-11.000000000000002,-9.999999999999998,20.42057785666214,0
359.19,-7.0,91.94,-0.06,-0.44,-0.06,-0.03,0.31,0.39,0.4990991885387112,0.4481071300481615,0.6701697378161748,0.076771891269778,-13.0,10.0,5.499999999999999,17.298843892006193,0
359.19,-7.0,91.87,-0.19,-0.37,0.56,-0.07,0.17,0.17,0.2503996805109783,0.6975672010638115,0.7462833190899891,0.3906070436976868,-2.0000000000000004,-6.999999999999999,-11.0,13.19090595827292,0
359.12,-7.0,91.75,0.19,-0.69,-0.5,-0.1,0.09,0.3,0.3287856444554719,0.8730406634286858,0.2772737829372529,0.3217505543966422,-1.5,-4.000000000000001,6.499999999999999,7.7781745930520225,0
359.12,-7.0,91.62,-0.5,-0.88,-0.25,-0.04,0.18,0.23,0.2947880594596735,1.042544963059148,0.6568283308878351,0.172190814522939,3.0,4.5,-3.4999999999999987,6.442049363362562,0
359.06,-7.0,91.5,-1.37,-1.19,0.0,0.35,0.61,0.52,0.8746427842267951,1.8146625030566976,0.7718017165609468,-0.5924273534318786,19.5,21.5,14.500000000000002,32.446109165815244,0
358.94,-7.0,91.5,-1.12,-2.37,-0.44,-0.51,0.22,-0.05,0.5576737397439474,2.657987960845572,0.4055191867885818,1.6685232341536154,-43.0,-19.5,-28.500000000000004,55.14979601050216,0
347.06,-6.75,90.69,-0.31,-11.63,-0.62,0.02,0.1,0.25,0.27,11.650639467428388,0.3794077151277252,-0.0798299857122373,26.5,-6.0,15.0,31.03626910567699,0
346.56,-6.75,90.69,-1.56,-10.44,-0.5,0.17,0.35,0.57,0.6901449123191448,10.567743373114242,0.5318629951638786,-0.2898464899116198,7.500000000000001,12.499999999999998,15.999999999999996,21.64486082191336,0
346.06,-6.81,90.69,0.44,-9.25,-0.06,0.2,0.14,0.36,0.4349712634186309,9.260653324685036,0.3276937336223635,-0.507098504392337,1.5,-10.499999999999998,-10.499999999999998,14.924811556599296,0
345.69,-6.81,90.62,-0.37,-9.88,-0.31,-0.2,0.15,0.48,0.5412023651093923,9.891784469952832,0.2808377246212028,0.3947911196997615,-20.0,0.499999999999999,6.0,20.886598574205426,0
345.25,-6.81,90.5,-1.0,-8.38,-0.06,0.24,0.11,0.61,0.6646803743153546,8.439668239925076,0.1662579609247989,-0.3748407153555978,22.0,-2.0,6.5,23.02715787933891,0
344.81,-6.81,90.5,-0.5,-8.31,-0.25,0.17,0.05,0.57,0.5969087032369356,8.328781423473666,0.0838631711170478,-0.2898464899116198,-3.4999999999999987,-3.0,-2.0000000000000018,5.024937810560445,0
344.5,-6.75,90.19,-0.69,-8.31,-0.19,-0.02,0.16,0.45,0.4780167361086848,8.340761356135303,0.3413041631945656,0.0444152152469108,-9.5,5.5,-5.9999999999999964,12.509996003196802,0
344.12,-6.75,89.94,-0.56,-7.37,0.13,0.02,0.21,0.49,0.5334791467339656,7.392387976831303,0.4045905252496008,-0.0407936828678654,2.0,2.5,1.999999999999999,3.774917217635374,0
343.75,-6.75,89.69,-0.56,-6.31,-0.06,-0.13,0.19,0.27,0.3548238999842034,6.335084845524959,0.5650723189085464,0.4487233440107211,-7.5,-0.9999999999999994,-10.999999999999998,13.351029922818686,0
343.44,-6.81,89.56,-0.56,-4.56,-0.13,-0.01,0.19,0.14,0.2362202362203543,4.59609616957696,0.9345539706974644,0.0713074647852903,6.0,0.0,-6.5,8.845903006477066,0
343.25,-6.81,89.5,-0.69,-3.5,-0.19,0.0,0.24,0.14,0.2778488797889961,3.5724221475072064,1.0427218783685368,-0.0,0.5,2.5,0.0,2.549509756796392,0
343.31,-6.94,91.31,0.0,0.0,0.0,0.0,0.2,-0.08,0.2154065922853802,0.0,1.1902899496825317,-3.141592653589793,0.0,-1.999999999999999,-11.000000000000002,11.18033988749895,0
343.31,-6.94,91.31,0.13,0.25,0.0,0.01,0.2,-0.06,0.2090454496036687,0.2817800560721074,1.275547423132556,-2.976443976175166,0.5,0.0,1.0000000000000002,1.1180339887498951,0
343.31,-6.94,91.31,0.19,0.25,0.06,0.01,0.21,-0.05,0.216101827849743,0.3196873472629156,1.3325956585392988,-2.9441970937399127,0.0,0.499999999999999,0.4999999999999997,0.7071067811865467,0
343.31,-6.94,91.31,0.19,0.06,-0.06,0.01,0.21,-0.07,0.2215851980616033,0.2080865204668481,1.2460031075107123,-2.999695598985629,0.0,0.0,-1.0000000000000002,1.0000000000000002,0
343.31,-6.94,91.31,0.06,0.0,-0.13,0.01,0.19,-0.01,0.1905255888325765,0.1431782106327635,1.4965010346797842,-2.356194490192345,0.0,-0.9999999999999994,3.0,3.162277660168379,0
343.31,-6.94,91.31,0.0,0.19,-0.13,0.03,0.19,-0.06,0.2014944167960988,0.2302172886644267,1.2313950628248436,-2.677945044588987,0.9999999999999998,0.0,-2.5,2.692582403567252,0
343.31,-6.94,91.31,0.0,0.13,0.06,0.03,0.18,-0.04,0.186815416922694,0.1431782106327635,1.299849476456476,-2.498091544796509,0.0,-0.5000000000000004,0.9999999999999998,1.118033988749895,0
343.31,-6.94,91.31,0.0,0.0,0.06,0.01,0.21,-0.04,0.2140093455903269,0.06,1.3769240380142678,-2.896613990462929,-0.9999999999999998,1.5,0.0,1.8027756377319943,0
343.31,-6.94,91.31,0.06,0.13,0.06,0.0,0.21,-0.07,0.2213594362117865,0.1552417469626002,1.2490457723982544,-3.141592653589793,-0.5,0.0,-1.5000000000000002,1.58113883008419,0
343.31,-6.94,91.37,0.06,0.13,-0.06,0.03,0.21,-0.09,0.2304343724360582,0.1552417469626002,1.1464847709445871,-2.819842099193151,1.5,0.0,-0.9999999999999994,1.8027756377319943,0
343.31,-6.94,91.37,-0.06,0.31,0.0,0.0,0.22,-0.11,0.2459674775249768,0.3157530680769389,1.1071487177940904,-3.141592653589793,-1.5,0.5000000000000004,-1.0000000000000002,1.8708286933869709,0
343.31,-6.94,91.37,0.06,0.19,-0.06,0.05,0.18,-0.09,0.2073644135332772,0.2080865204668481,1.0512350316868422,-2.6344941491974563,2.5,-2.0000000000000004,1.0000000000000002,3.3541019662496847,0
343.31,-6.94,91.37,0.19,0.0,0.0,0.01,0.22,-0.02,0.2211334438749598,0.19,1.4695047178610432,-2.677945044588987,-2.0,2.0000000000000004,3.5,4.5,0
343.31,-6.94,91.37,0.0,-0.13,0.06,0.02,0.21,-0.07,0.2222611077089286,0.1431782106327635,1.2370894788431197,-2.863292994584682,0.5,-0.5000000000000004,-2.5,2.598076211353316,0
343.31,-6.94,91.37,-0.13,0.13,0.0,0.0,0.21,-0.03,0.2121320343559642,0.1838477631085023,1.4288992721907328,-3.141592653589793,-1.0,0.0,2.0000000000000004,2.2360679774997902,0
343.31,-6.94,91.37,-0.13,-0.06,0.0,0.04,0.24,-0.07,0.2531797780234432,0.1431782106327635,1.246712926543901,-2.62244653934327,2.0,1.5,-2.0000000000000004,3.2015621187164247,0
343.31,-6.94,91.37,-0.06,-0.19,0.06,0.01,0.19,-0.03,0.1926136028425822,0.2080865204668481,1.40587241488562,-2.819842099193151,-1.5,-2.5,2.0000000000000004,3.5355339059327378,0
343.31,-6.94,91.37,0.0,-0.06,0.06,0.04,0.22,-0.05,0.229128784747792,0.0848528137423857,1.2875696160815395,-2.4668517113662407,1.5,1.5,-1.0000000000000002,2.345207879911715,0
343.31,-6.94,91.37,-0.06,-0.06,0.06,0.03,0.21,-0.05,0.2179449471770336,0.1039230484541326,1.2999547580272517,-2.601173153319209,-0.5000000000000001,-0.5000000000000004,0.0,0.7071067811865479,0
343.31,-6.94,91.37,-0.06,-0.13,0.0,0.03,0.22,-0.04,0.2256102834535695,0.1431782106327635,1.3473197256542635,-2.498091544796509,0.0,0.5000000000000004,0.5000000000000001,0.7071067811865479,0
343.31,-6.94,91.37,-0.06,-0.13,0.0,0.02,0.21,-0.04,0.2147091055358388,0.1431782106327635,1.3609719447752833,-2.677945044588987,-0.4999999999999999,-0.5000000000000004,0.0,0.7071067811865478,0
343.31,-6.94,91.37,0.06,0.06,0.13,0.01,0.22,-0.08,0.2343074902771996,0.1552417469626002,1.2195281993183578,-3.017237659043032,-0.5,0.5000000000000004,-2.0,2.1213203435596424,0
343.31,-6.94,91.37,0.0,0.06,0.06,0.04,0.2,-0.03,0.206155281280883,0.0848528137423857,1.3258176636680326,-2.214297435588181,1.5,-0.9999999999999994,2.5,3.082207001484488,0
343.31,-6.94,91.37,0.0,-0.06,0.06,0.02,0.22,-0.02,0.2218107301281883,0.0848528137423857,1.4429328608396153,-2.356194490192345,-1.0,0.9999999999999994,0.4999999999999999,1.4999999999999996,0
355.0,-6.87,89.5,4.0,-3.19,-0.31,-0.31,-0.2,-0.9,0.9726767191621274,5.125641423275725,-0.2070953253227319,2.809875651786944,-28.500000000000004,-17.0,11.000000000000004,34.96069221282668,0
354.87,-6.87,89.44,1.56,-2.87,-0.31,-0.23,0.43,0.29,0.5673623181001713,3.2812497619047534,0.860077499995636,0.6705215579805492,3.999999999999999,31.5,59.49999999999999,67.44256815987956,0
354.75,-6.81,89.44,-0.06,-1.75,-0.44,0.05,0.0,-0.18,0.186815416922694,1.80546392929906,0.0,-2.8706458032513726,14.000000000000002,-21.5,-23.5,34.792240514229604,0
357.69,-6.81,92.31,0.06,-0.62,0.0,0.03,0.18,-0.38,0.4215447781671598,0.6228964600958975,0.4411735035059996,-3.0628086926006493,-1.0000000000000002,9.0,-10.0,13.490737563232042,0
357.62,-6.81,92.44,-0.06,-0.94,0.06,-0.15,0.2,-0.38,0.4548626166217663,0.9438220171197532,0.4552570543412533,2.7656316997184875,-9.0,1.0000000000000009,0.0,9.055385138137416,0
357.5,-6.87,92.62,0.0,-0.44,0.13,0.1,0.23,-0.43,0.4977951385861457,0.4588027898781784,0.480291209292812,-2.9130960142979307,12.5,1.5,-2.5,12.835497652993435,0
357.44,-6.87,92.81,-0.13,-0.44,-0.06,-0.13,0.15,-0.38,0.4287190222045203,0.4627094120503709,0.3574424776002582,2.8119682461690503,-11.5,-4.000000000000001,2.5,12.429802894656053,0
357.44,-6.94,92.94,-0.13,-0.31,-0.06,-0.02,0.15,-0.39,0.4183300132670378,0.3414674215792774,0.3667340590922736,3.0903554861863745,5.5,0.0,-0.5000000000000004,5.522680508593631,0
357.37,-6.94,93.12,-0.25,-0.25,0.06,0.07,0.19,-0.34,0.3957271787481876,0.3586084215408221,0.5008014931293399,-2.938547436336328,4.5,2.0000000000000004,2.5,5.522680508593631,0
357.44,-6.94,93.25,-0.25,0.44,0.13,0.05,0.22,-0.34,0.4080441152620633,0.5224940191045253,0.5694363072335943,-2.995580395878518,-1.0000000000000002,1.5,0.0,1.8027756377319948,0
357.44,-6.94,93.37,-0.44,0.06,0.06,-0.05,0.26,-0.39,0.471380949975707,0.4481071300481615,0.5842463141585555,3.0140830953745548,-5.0,2.0000000000000004,-2.5,5.937171043518958,0
357.44,-6.94,93.5,-0.06,1.12,0.19,-0.07,0.13,-0.34,0.3706750598570128,1.13758516164725,0.3583307347142663,2.938547436336328,-1.0000000000000002,-6.5,2.5,7.035623639735144,0
357.44,-6.94,93.62,-0.31,0.81,0.19,-0.06,0.17,-0.17,0.2477902338672773,0.887862601982987,0.7560653798575158,2.8023000391357487,0.5000000000000004,2.0000000000000004,8.5,8.74642784226795,0
357.44,-7.0,93.62,0.0,0.0,-0.31,0.06,0.23,-0.19,0.3043024810940588,0.31,0.8569160792513776,-2.835713782184941,6.0,3.0,-0.9999999999999994,6.782329983125268,0
352.81,-7.06,90.69,-2.81,-27.06,-0.88,0.3,0.21,0.49,0.6117188896870849,27.219737324228536,0.3504227970045965,-0.5493744847715509,12.0,-1.0000000000000009,33.99999999999999,36.069377593742864,0
351.5,-7.0,90.62,-2.94,-29.69,-0.94,0.13,0.11,0.28,0.3277193921634788,29.850013400332003,0.3422983703004054,-0.4346702151492447,-8.499999999999998,-4.999999999999999,-10.499999999999998,14.404860290887932,0
350.06,-6.94,90.5,-3.19,-31.12,-1.12,-0.27,0.17,0.04,0.3215587038162705,31.303113263699508,0.5570386476582796,1.423717971406494,-20.0,3.0000000000000004,-12.0,23.515952032609693,0
348.62,-6.94,90.5,-3.62,-29.5,-1.0,0.14,0.19,0.01,0.2362202362203543,29.73809677837504,0.9345539706974644,-1.4994888620096063,20.5,0.9999999999999994,-1.5,20.57911562725668,0
347.19,-6.94,90.5,-3.12,-28.69,-0.75,0.37,0.25,-0.11,0.4598912915026767,28.868893293647407,0.5747282588722576,-1.859771736787463,11.499999999999998,3.0,-6.0,13.313526955694346,0
345.87,-6.94,90.44,-2.62,-25.75,-0.44,-0.18,0.31,-0.31,0.4739198244429115,25.88668576701158,0.7130173995137533,2.61552623459303,-27.5,3.0,-10.0,29.415132160165456,0
344.81,-6.94,90.5,-1.31,-18.44,0.0,0.13,0.22,-0.42,0.4916299421312741,18.48647343329712,0.4639578388660929,-2.841421482759681,15.5,-4.5,-5.499999999999999,17.051392904979934,0
344.19,-6.94,90.5,-0.25,-9.31,0.19,-0.16,0.23,-0.22,0.3562302626111375,9.315293876201652,0.701873917105873,2.51279636717436,-14.500000000000002,0.5000000000000004,9.999999999999998,17.621010186706094,0
344.0,-6.94,90.44,0.25,1.31,0.19,-0.22,0.28,-0.18,0.3989987468652001,1.3471080134866693,0.7778601894147424,2.256525837701183,-3.0,2.500000000000001,2.0000000000000004,4.387482193696062,0
344.25,-7.0,90.5,0.81,9.63,0.25,-0.11,0.32,-0.23,0.4091454509095756,9.667238488834338,0.8980574865562122,2.6954871046463897,5.5,1.999999999999999,-2.500000000000001,6.363961030678928,0
344.87,-7.06,90.62,1.06,15.81,0.25,-0.27,0.24,-0.34,0.4960846701924985,15.847466674519309,0.5049782236987874,2.4704488181537845,-8.000000000000002,-4.000000000000001,-5.500000000000001,10.500000000000002,0
345.75,-7.06,90.69,1.75,19.62,0.06,-0.07,0.22,-0.04,0.2343074902771996,19.6979821301574,1.2195281993183578,2.08994244104142,10.0,-0.9999999999999994,15.000000000000002,18.05547008526779,0
356.25,-7.12,92.56,-0.25,-0.75,0.06,-0.34,-0.2,-0.15,0.4220189569201839,0.792842985716592,-0.493728469359495,1.9862884227357875,-13.5,-21.0,-5.499999999999999,25.563646062328434,0
356.25,-7.12,92.56,0.25,1.19,-0.44,-0.08,-0.06,-0.01,0.1004987562112089,1.2931357237351382,-0.6397841737385244,1.695151321341658,13.0,7.000000000000001,6.999999999999999,16.34013463836819,0
356.37,-7.12,92.56,0.37,3.5,-0.19,0.03,-0.15,-0.17,0.2286919325205854,3.5246276399075125,-0.7153798667057479,-2.9669204545815537,5.5,-4.5,-8.0,10.700467279516348,0
356.56,-7.12,92.62,1.0,4.69,-0.06,-0.03,-0.16,0.03,0.1655294535724685,4.79580024604862,-1.311596389293969,0.7853981633974483,-3.0,-0.5000000000000004,10.0,10.452272480183437,0
356.81,-7.12,92.56,0.88,4.62,-0.69,-0.08,-0.08,0.03,0.1170469991071962,4.753409302805724,-0.7525277763745823,1.2120256565243244,-2.5,4.0,0.0,4.716990566028302,0
357.06,-7.12,92.56,1.56,3.81,-0.62,0.23,-0.29,0.07,0.3766961640367472,4.163424071602603,-0.8786079969704241,-1.2753554896511765,15.5,-10.499999999999998,2.0000000000000004,18.82817038376273,0
357.25,-7.06,92.5,0.88,1.62,-0.31,-0.47,-0.25,-0.04,0.5338539126015656,1.8694651641579203,-0.4873577519641762,1.6556981202446186,-35.0,1.999999999999999,-5.500000000000001,35.485912697858005,0
357.37,-7.06,92.44,1.25,3.25,-0.81,-0.17,-0.72,0.01,0.7398648525237566,3.575066432949184,-1.3385451091887304,1.512040504079174,14.999999999999996,-23.5,2.5,27.991070004556807,0
357.62,-7.06,92.44,0.37,6.12,-0.31,-0.23,-0.18,0.02,0.2927456233660889,6.139006434269311,-0.6622189407849393,1.4840579881189115,-3.0,27.0,0.5,27.17075633838705,0
357.94,-7.06,92.5,0.69,5.5,-0.19,0.09,-0.03,0.26,0.2767670500619609,5.546368181071285,-0.1086077967932592,-0.3332443011116727,16.0,7.5,12.0,21.360009363293827,0
358.19,-7.0,92.5,-0.06,4.19,-0.06,0.07,-0.09,0.37,0.3871692136521188,4.190859100470929,-0.234602609514078,-0.1869792699189111,-0.9999999999999994,-3.0,5.499999999999999,6.344288770224759,0
356.94,-7.0,90.12,-0.13,-0.69,-0.06,-0.04,-0.14,-0.05,0.1539480431834065,0.7046985170979146,-1.141833729661717,2.4668517113662407,-5.500000000000001,-2.500000000000001,-21.0,21.85177338341216,0
356.94,-7.0,90.12,0.06,0.37,0.06,-0.07,-0.19,-0.02,0.203469899493758,0.3796050579220461,-1.2048877383995056,1.849095985800008,-1.5000000000000002,-2.5,1.5,3.278719262151,0
357.0,-7.0,90.12,0.19,1.12,0.06,-0.03,-0.2,-0.1,0.2256102834535695,1.13758516164725,-1.089691972883516,2.8501358591119264,2.0000000000000004,-0.5000000000000004,-4.0,4.5,0
357.0,-7.0,90.12,-0.19,1.0,0.0,0.03,-0.18,-0.15,0.2362202362203543,1.0178899744078431,-0.866397140683011,-2.9441970937399127,3.0,1.0000000000000009,-2.5,4.031128874149275,0
357.06,-7.0,90.19,0.06,0.13,0.06,-0.01,-0.17,-0.2,0.2626785107312739,0.1552417469626002,-0.7038780601159653,3.0916342578678506,-2.0,0.499999999999999,-2.500000000000001,3.24037034920393,0
357.0,-7.0,90.19,0.13,0.19,-0.13,-0.11,-0.17,-0.2,0.2846049894151541,0.2643860813280457,-0.6401541952114208,2.638749442661932,-5.0,0.0,0.0,5.0,0
357.0,-7.0,90.25,-0.13,0.37,-0.06,-0.02,-0.12,-0.16,0.2009975124224178,0.3967366884975474,-0.6397841737385244,3.017237659043032,4.5,2.500000000000001,2.0000000000000004,5.522680508593632,0
357.0,-7.0,90.25,-0.19,0.37,0.0,0.0,-0.16,-0.17,0.233452350598575,0.4159326868617084,-0.7551044034786731,-3.141592653589793,1.0,-2.0000000000000004,-0.5000000000000004,2.2912878474779204,0
357.0,-7.0,90.31,0.0,0.19,-0.13,0.01,-0.19,-0.22,0.2908607914449798,0.2302172886644267,-0.7118471362852568,-3.096169374168216,0.5,-1.5,-2.5,2.958039891549808,0
357.0,-7.0,90.37,0.0,0.13,-0.13,-0.08,-0.18,-0.21,0.2879236009777594,0.1838477631085023,-0.6753439968517299,2.7776136970801493,-4.5,0.5000000000000004,0.5000000000000004,4.55521678957215,0
357.0,-7.0,90.37,0.0,0.31,0.0,0.0,-0.16,-0.24,0.2884441020371191,0.31,-0.5880026035475676,-3.141592653589793,4.0,0.9999999999999994,-1.5,4.387482193696061,0
357.0,-7.0,90.44,0.06,0.56,0.0,-0.06,-0.17,-0.27,0.3246536616149585,0.563205113613149,-0.5511120296354112,2.922923707715851,-3.0,-0.5000000000000004,-1.500000000000001,3.3911649915626345,0
357.19,-7.06,91.12,0.0,-0.06,0.06,-0.02,-0.2,-0.04,0.2049390153191919,0.0848528137423857,-1.3508083493994372,2.677945044588987,2.0,-1.5,11.5,11.76860229593982,0
357.19,-7.06,91.12,0.0,0.13,-0.13,-0.03,-0.17,-0.06,0.1827566688249706,0.1838477631085023,-1.1949535725472842,2.677945044588987,-0.4999999999999999,1.5,-0.9999999999999998,1.8708286933869709,0
357.19,-7.06,91.12,0.06,0.0,0.0,0.0,-0.17,-0.03,0.1726267650163207,0.06,-1.396124127786657,-3.141592653589793,1.5,0.0,1.5,2.1213203435596424,0
357.19,-7.06,91.12,-0.13,-0.06,0.06,-0.04,-0.19,-0.05,0.2004993765576342,0.1552417469626002,-1.2457435384190323,2.4668517113662407,-2.0,-0.9999999999999994,-1.0000000000000002,2.449489742783178,0
357.19,-7.06,91.12,0.06,0.06,0.06,-0.03,-0.17,-0.04,0.1772004514666935,0.1039230484541326,-1.2847448850775784,2.498091544796509,0.5000000000000001,0.9999999999999994,0.5000000000000001,1.2247448713915887,0
357.19,-7.06,91.12,0.0,0.13,-0.06,0.0,-0.19,-0.07,0.2024845673131659,0.1431782106327635,-1.217805938967986,-3.141592653589793,1.5,-0.9999999999999994,-1.5000000000000002,2.345207879911715,0
357.19,-7.06,91.12,-0.06,0.0,0.0,0.0,-0.19,-0.06,0.1992485884517127,0.06,-1.2649174553900444,-3.141592653589793,0.0,0.0,0.5000000000000004,0.5000000000000004,0
357.19,-7.06,91.12,0.0,-0.13,0.06,-0.04,-0.17,-0.02,0.1757839583124694,0.1431782106327635,-1.3135577890216177,2.0344439357957027,-2.0,0.9999999999999994,2.0,3.0,0
357.19,-7.06,91.12,-0.06,-0.06,0.13,-0.04,-0.18,-0.08,0.2009975124224178,0.1552417469626002,-1.109628587792846,2.677945044588987,0.0,-0.499999999999999,-3.0,3.0413812651491097,0
357.19,-7.06,91.12,0.0,0.13,0.06,-0.03,-0.18,-0.07,0.1954482028569206,0.1431782106327635,-1.1705373637850387,2.7367008673047097,0.5000000000000001,0.0,0.4999999999999997,0.7071067811865475,0
357.19,-7.06,91.12,-0.13,0.0,0.06,-0.03,-0.19,0.0,0.1923538406167134,0.1431782106327635,-1.4141944498128811,1.5707963267948966,0.0,-0.5000000000000004,3.5000000000000004,3.535533905932738,0
357.19,-7.06,91.12,0.13,0.0,-0.13,-0.03,-0.19,-0.04,0.196468827043885,0.1838477631085023,-1.313472611823808,2.498091544796509,0.0,0.0,-2.0,2.0,0
357.19,-7.06,91.12,0.13,-0.13,0.06,-0.02,-0.19,-0.04,0.1951922129594313,0.1933907960581371,-1.339628475324498,2.677945044588987,0.4999999999999999,0.0,0.0,0.4999999999999999,0
357.19,-7.06,91.12,0.06,0.06,0.06,-0.02,-0.17,-0.06,0.1813835714721705,0.1039230484541326,-1.2146296894264978,2.819842099193151,0.0,0.9999999999999994,-0.9999999999999998,1.4142135623730945,0
